{"type":"FeatureCollection","features":[{"type":"Feature","geometry":{"type":"LineString","coordinates":[[-92.25270902528305,-7.300101813995703],[-92.25270902528305,-7.300101813995703],[-91.10084425442766,-5.207693727077725],[-88.89058746615927,-5.172843275809456],[-82.37149104625585,-5.078805822501668],[-76.7231815152742,-4.379295797061353],[-82.84602181768828,0.5308580157030942],[-85.4009038919147,4.865409269759267],[-88.77645384520743,6.323992848205157],[-90.45246135697056,6.375988211479805],[-91.43056462771929,4.650837704717251],[-93.72809368153106,4.991389301113781],[-97.03247118580977,-3.0047655780221767],[-102.10120675362099,-0.8111353494950055],[-101.32413108117927,3.408596945778948],[-104.33195394270248,4.412144158847688],[-107.61807804848259,4.2315015155438545],[-108.54061900207194,3.0708956305570414],[-110.00858619785585,2.846602191304834],[-109.47906222598876,0.9035492313627032],[-105.81210151799465,-1.1087204877905048],[-105.74323620481204,-8.044997023663766],[-98.90052665642699,-13.008727201021854],[-96.2149240428686,-13.35613342096856],[-96.37128283539813,-15.083496659605428],[-100.41295151038209,-15.579471736357258],[-104.44727627833352,-16.269807459407275],[-107.59131765958698,-15.023888754197161],[-107.2071158473146,-11.54844258592871],[-108.73467478645024,-12.303874907760049],[-110.6799347872071,-12.66707772082261],[-113.09715729482377,-10.39401243829091],[-116.61019681515565,-12.390701985216689],[-120.76939030911561,-13.67665253595255],[-121.02416281557235,-12.094170284381862],[-119.28645117115315,-11.465143821295358],[-117.15408118582417,-10.263172344848277],[-115.03034588695705,-8.971216387935362],[-111.9430472495796,-7.329180291895568],[-109.85004367723703,-6.902270125361181],[-108.85381525793561,-4.820611548439011],[-106.19892038939498,-4.847792584808836],[-104.3959764416544,-5.263953703564518],[-104.12380318293197,-7.349938058676646],[-101.594434307736,-7.969994518920844],[-100.64668970179699,-5.499817499288337],[-99.05468023302188,-2.6090731108918117],[-96.77792670760887,-3.6012263645718203],[-97.49526873991547,-7.2700522818674465],[-95.60612285522805,-7.921425400558949],[-92.39635509981176,-8.161082744851798],[-92.25270902528305,-7.300101813995703]]},"properties":{"name":"10-80","type":"circuit","stroke":"#ff712e","stroke-width":2,"stroke-opacity":0.82}},{"type":"Feature","geometry":{"type":"LineString","coordinates":[[-117.17911667835453,-34.671432418546665],[-117.17911667835453,-34.671432418546665],[-117.77840548815315,-39.11097756628726],[-114.89186337171098,-38.232219061183955],[-113.36403979581655,-34.98896962703354],[-111.14178714359194,-29.37373353225476],[-108.52247022056069,-28.394091497735715],[-99.61855590352195,-28.4213398088499],[-92.39544637005837,-28.429208905657404],[-88.27404336292044,-28.798360912674582],[-88.43299527563333,-26.848229391566136],[-87.16734901179214,-25.340052626009204],[-85.014431748819,-20.177959298771405],[-87.07558665399186,-16.360867807561924],[-90.19694949315287,-17.502062565844874],[-91.7999688627479,-17.08183791736254],[-94.79187228887123,-15.222001644093401],[-95.67912895706232,-9.62352512247754],[-95.52262698009247,-7.766758096266404],[-98.40978105976085,-6.632163737897983],[-100.41991730099268,-4.6897649367125815],[-98.46034221964487,0.869278909731305],[-96.38889115268104,7.013761746540231],[-94.81463404759354,11.018609452943403],[-96.06920381916277,11.978631303108813],[-101.47793850277274,14.3899917572312],[-109.84556738845302,14.531864055606954],[-114.0811314784556,13.62217835746639],[-113.98303011056427,12.306315227047845],[-111.65040114166031,8.091330692232102],[-109.94907506309451,3.5568984923025155],[-109.99617903159901,-4.21490264909162],[-111.0395020528276,-9.198620654962435],[-111.94608620178931,-11.647184299422007],[-110.35541514383064,-17.42186998854251],[-112.52717339204776,-23.0662004403651],[-111.34541677496262,-27.003765051686486],[-113.66489758962894,-30.73208993962966],[-117.17911667835453,-34.671432418546665]]},"properties":{"name":"Airstrip Assault","type":"circuit","stroke":"#ff712e","stroke-width":2,"stroke-opacity":0.82}},{"type":"Feature","geometry":{"type":"LineString","coordinates":[[-95.86344396824293,11.808807393531138],[-95.86344396824293,11.808807393531138],[-91.16521351582257,10.057077962696383],[-88.08007082334908,11.143457514746444],[-84.08633754509776,12.425297749311165],[-77.75920106282229,8.563077246824731],[-73.21728271383816,6.037077105469239],[-72.08417542543478,4.160434706144234],[-71.99299309473618,0.2505188881497702],[-72.90829994982246,-3.120776602950464],[-73.55870042533243,-4.0665232327835525],[-75.68120487878157,-4.768644815396545],[-78.91472873459637,-4.455767249056461],[-80.10206486383552,-3.008450641843446],[-81.78909580596604,-2.129547049653791],[-81.79201142354006,-3.2930208799697116],[-81.3742479564138,-10.28133031415537],[-82.51583395398399,-16.46258524911567],[-86.4362678722548,-16.146643720610278],[-86.4864256421295,-14.90259306968706],[-88.02481124971179,-13.029728375535084],[-90.94723928444391,-14.977966119053582],[-93.05977719720376,-16.204297899769102],[-95.89570600347757,-13.048563358472636],[-96.39121004068231,-11.211993977278825],[-103.10626827954593,-11.613801655277795],[-104.87219241480996,-8.220670004697299],[-105.13034005980954,-1.114651955150979],[-105.65802424421643,2.3277956737555883],[-107.54085989754554,2.7039329572588713],[-109.47879339946408,2.564637170624147],[-109.78385492556528,3.5752007586989034],[-111.39520926262033,5.203788317952611],[-113.61931509884658,4.953453890153059],[-117.33516071986755,2.9600434900649173],[-118.66722397743146,3.5140423497948667],[-118.45731050499177,4.42002800754148],[-117.88884372696964,6.223499564307905],[-119.3484096496261,6.439113473698458],[-120.28347688228756,6.186587459083074],[-121.49060144522815,6.472058771814958],[-122.31950977786146,7.837822242178655],[-123.63869064225403,9.90234421166374],[-124.48548337675456,10.904536628710614],[-125.53514889950051,12.215164222779165],[-122.62900043056234,16.10816777386605],[-118.75867896598885,16.035289931907162],[-115.83389264595935,13.606432326352202],[-113.8496677372862,13.582885914570811],[-109.67592885386304,14.407733815592707],[-104.72318708335108,14.351019558028712],[-95.86344396824293,11.808807393531138]]},"properties":{"name":"BBD Breeze","type":"circuit","stroke":"#ff712e","stroke-width":2,"stroke-opacity":0.82}},{"type":"Feature","geometry":{"type":"LineString","coordinates":[[-104.58902360997297,-4.902661781447488],[-104.58902360997297,-4.902661781447488],[-101.55904539969642,-5.632660252539299],[-100.25249544857233,-4.204175182096851],[-98.55653368975806,0.5668045129397079],[-96.2499163340058,0.9916595812828106],[-93.21494505066866,0.03431721143528499],[-88.38370692587566,-1.5240258585973763],[-87.18546791663763,-2.6821282548794656],[-87.4561807873251,-4.423785780560564],[-90.35861174915239,-5.085581415344489],[-91.91312576016894,-6.356611382252929],[-93.33329015797138,-8.394078880062727],[-95.61803288419476,-8.954412573392746],[-97.28682352811947,-10.55596067702353],[-98.69686335654616,-9.469401977007019],[-97.3631604699461,-6.3073906583771056],[-96.36441277793352,-3.1773886598426078],[-94.44990929317711,0.3166928548713077],[-91.43133869501541,1.5761988396323616],[-90.32829603906465,3.4915696290375795],[-87.13715326789074,5.427413803342172],[-80.26330518307289,-2.3748896754100013],[-77.08645602511174,-4.643590546043967],[-79.24788283743419,-4.04366514670858],[-81.6731294040411,0.8499139568731842],[-83.79828632781363,4.199915887786878],[-81.27809636835025,5.220263432814085],[-76.88143683323902,5.588642004834377],[-75.64257459838154,3.5120224494264285],[-77.19142247068746,1.3040828156353577],[-78.33984974775126,-0.41369973676389904],[-74.11584051378453,-3.1904413738504314],[-73.51261658807044,-3.920671874712287],[-74.22575340598628,-6.017961499914282],[-74.4605822356435,-6.980360504675129],[-77.87118653197757,-7.94374383456876],[-80.8706175365323,-7.966662922921165],[-87.52142625799303,-8.663721931078486],[-91.97460976232708,-8.921674465503395],[-93.09393497983821,-9.974125830979817],[-93.52229889509394,-14.833046672153452],[-94.81136665408395,-15.225471504442476],[-96.39201873904493,-11.191980489409266],[-103.11271850583898,-11.937845496554653],[-106.1059437772565,-13.014911732747708],[-106.01327618832862,-16.372373200371378],[-102.67294744484994,-14.330736690528203],[-104.20023727461299,-10.583223515154744],[-107.92708540365606,-8.509974118048222],[-107.23649647476624,-5.330107649038435],[-108.04779964647125,-2.046880323280172],[-109.49487916902822,-1.0220157095647924],[-114.54505139685078,0.10984718434988139],[-115.98695818953132,2.7818820997266105],[-116.98308463655482,4.776706187509516],[-118.063318008707,6.528843308330181],[-119.84520840142584,6.5098079932500665],[-119.31645586928809,7.218832925231362],[-118.66373255253336,7.65496020472767],[-120.51916636143058,9.606573631485608],[-125.16662428783022,11.115386533605832],[-125.37254701093495,15.139702063120081],[-120.31850854027365,16.685413386454663],[-118.47115115982075,15.345745179507706],[-116.80317858764195,13.448755379236612],[-107.09283109674054,14.398336924177237],[-98.85518746113945,12.928687532579008],[-93.40576956293542,10.91450170308352],[-88.58181455434989,10.28771772665063],[-86.61748067582927,12.896046099995248],[-84.15211889772935,12.44653508194909],[-80.67364023967892,10.339763654393815],[-77.51508369994073,8.396522733650167],[-73.25372598399323,6.062463573984451],[-72.38980412637798,4.35864589640678],[-71.7399173793924,-0.3855863241709301],[-72.9654040843334,-3.1032562834904045],[-73.85594863188447,-4.525358375808096],[-76.01182002051893,-4.751981110349703],[-79.00755223325572,-4.327213250649585],[-81.35031735458837,-1.8141416071418863],[-81.79086514659807,-4.69356948917407],[-81.43187663717578,-9.863886906640259],[-80.8751403789907,-12.717223069473219],[-81.38461254978485,-14.790261844924673],[-82.69544955289105,-12.710482232111678],[-82.3578229043334,-11.854998923297709],[-82.78411578516156,-11.051573287117927],[-80.89869918994485,-10.816328285139354],[-81.67836009231735,-10.868895612937289],[-86.40942474481064,-11.533651811235819],[-93.16545921215767,-11.178492655894827],[-96.45611211926507,-10.579134417714839],[-101.10946107601268,-10.591543251661959],[-104.35087734412087,-10.535074339062556],[-107.23568320107596,-9.559649391833778],[-107.99580078035214,-8.1096850236912],[-108.52692742503584,-7.1487871210230445],[-111.8653977607648,-7.199397494951356],[-114.15966607871239,-8.38656877242889],[-116.51730022761225,-9.85026231407449],[-118.2406499203467,-10.856835746488743],[-120.89992732917966,-11.994641367409622],[-121.3890609779625,-12.47178805535538],[-120.25570517106888,-13.971898072259565],[-117.6797844704716,-13.325706729524805],[-116.57727631919533,-11.611767693534317],[-118.18646723334697,-8.821475248821683],[-119.98451314841734,-5.691824666300157],[-119.61670344604475,-4.0690256577271064],[-117.8947070053391,-3.986245985799524],[-115.33470438027723,-5.781833610068684],[-112.89906042566184,-9.83056935905782],[-111.03525944839932,-12.78043534360422],[-110.29248552681588,-16.596484190882336],[-112.09090351981973,-19.947734972349743],[-112.5710039633557,-21.325536993160625],[-111.53474340182824,-24.01317375021641],[-107.1099040519925,-24.75391092194255],[-103.31754054460887,-23.991700185727908],[-101.32019244656007,-24.798670609536117],[-100.37332488917049,-26.174869895364445],[-100.54537806577444,-28.192351780777187],[-99.43247237775387,-28.392021210799243],[-94.22813352884148,-27.803777524395798],[-91.76093387968041,-28.93759721891817],[-89.2674945982963,-29.907721971883987],[-88.04903310163932,-28.580843992681558],[-88.51245035999116,-26.913791218479282],[-93.03050940595946,-23.17423311568033],[-95.61504233676892,-20.797825563557957],[-94.04047989310418,-19.309405814006112],[-95.15397320631408,-17.039519573005613],[-94.50696376939506,-15.358818417818954],[-97.38312606726547,-15.097390952607556],[-101.36216383716632,-16.07485628666683],[-104.17100858448282,-16.31565699093418],[-107.15823364812935,-13.566049157680611],[-107.9076792588609,-9.105701503294876],[-107.15690306337086,-5.260630693126117],[-104.58902360997297,-4.902661781447488]]},"properties":{"name":"Birdcity GP","type":"circuit","stroke":"#ff712e","stroke-width":2,"stroke-opacity":0.82}},{"type":"Feature","geometry":{"type":"LineString","coordinates":[[-117.18123917915759,-34.6733145593077],[-117.18123917915759,-34.6733145593077],[-118.27399775535449,-38.8691452408691],[-114.89076811917697,-38.24972282352263],[-113.36074610534244,-34.99123769262211],[-104.72439797282351,-28.77658925615909],[-94.35912648756512,-27.776144861850824],[-91.46155702388657,-27.206637507077545],[-87.24324199006098,-22.39594231312376],[-85.76039359169584,-21.965610857166908],[-77.37769492028676,-22.761907399067148],[-67.35714322410567,-17.611132892081116],[-58.781450912021846,-7.1244444264108715],[-57.81252677586967,-6.56636594962902],[-59.02370795629329,-14.40408261969016],[-60.543513143454845,-16.520224839848183],[-62.192055687666404,-25.18667400053686],[-63.32477648669862,-32.76557655671689],[-64.8100795305986,-35.984238596900965],[-73.00580978187715,-37.059209427310506],[-73.55065748156623,-36.417291558736736],[-71.66734978557717,-35.53759835936809],[-71.47173843491848,-29.547936079773287],[-70.9166410118915,-27.451506949070918],[-71.05581161974295,-18.97751952946205],[-75.0881490258089,-16.46805098310537],[-85.17729852731753,-16.413902370821752],[-86.44800023574221,-15.03397724264874],[-88.49907040369683,-13.036969112194571],[-91.74774942005081,-15.90563040926052],[-93.37764041792768,-16.041665994053687],[-95.6885770147947,-9.64350185693777],[-93.96685297425962,-8.415192739825104],[-92.17294462135071,-7.3960341961163],[-92.51284993591669,-4.604985782297632],[-93.09286757493591,-2.7199269922777933],[-87.54609873514296,6.065933600182633],[-84.54521449889366,10.82605339729844],[-84.80245147628261,12.883559378020463],[-87.637173413982,12.545486448729315],[-89.22516202902743,10.14945328364063],[-94.95287159362529,11.541786276393331],[-100.54894039762178,13.937112371450723],[-101.9968817765773,13.347848859621552],[-101.69758342569735,1.0777235714175468],[-104.5803948951204,-1.044431110982659],[-107.17117618743117,-1.0452293784416273],[-107.71628183657711,-2.915067917299533],[-105.97834963041076,-4.812315253799664],[-102.59621196568555,-5.369246553936922],[-101.65535559507387,-7.1657254111518185],[-102.57915559564742,-9.8439226131652],[-105.47211023800895,-10.253778013491592],[-108.01160120282485,-8.030114800646723],[-109.3692111206748,-7.127019013288887],[-112.91659317900618,-7.744168160614425],[-113.19664043807657,-9.296672369838829],[-110.65112568328873,-17.0287808425595],[-113.04318105486861,-20.203700092396133],[-118.98528341422866,-27.346631894618547],[-112.68864447164749,-32.842581387119154],[-110.91262247026107,-33.05284475999696],[-107.89167264728421,-30.099353858362306],[-102.8097547401037,-30.206662337333896],[-97.07811879873863,-27.66879216273891],[-100.92274876343751,-24.985173984761445],[-103.35708885632047,-23.79673163045389],[-106.8884992970145,-24.93145628341057],[-113.66621507186932,-30.737265851775305],[-117.18123917915759,-34.6733145593077]]},"properties":{"name":"Black Box","type":"circuit","stroke":"#ff712e","stroke-width":2,"stroke-opacity":0.82}},{"type":"Feature","geometry":{"type":"LineString","coordinates":[[-55.81893267509182,72.11480654425196],[-55.81893267509182,72.11480654425196],[-54.24374077460102,72.46311820897589],[-51.02893328423023,72.23847464856026],[-49.355700036792385,71.81882006500099],[-48.26507593288173,71.54774378307691],[-45.6690222873146,72.35602738951897],[-41.54693941220317,73.50067504282748],[-39.975739405396034,72.5119534842763],[-38.41140838800678,72.25644280663877],[-37.95849567835552,70.75512795162584],[-42.65696550042614,70.14430731602991],[-46.2768054568074,68.83037742620738],[-53.19417792790662,65.76205229392008],[-56.14050890662208,65.16571130088111],[-56.759550074266556,65.42754050165901],[-61.11426959699687,64.45394243795165],[-62.91329838388047,65.69025721003185],[-64.18676734102235,66.15085032664186],[-66.0230403359591,65.4912352400645],[-68.48323854542045,64.83084452057788],[-68.07362556957041,64.12271105272241],[-70.95475037537267,63.66584558222454],[-71.41893937452122,63.4402738302805],[-67.37858011865863,63.06509014555262],[-63.302872865465986,63.16414567568729],[-59.43946748423044,60.24816614536694],[-54.50647642415772,58.657263084153364],[-51.38389333954652,58.248475376340096],[-48.245331581111415,56.88603463038196],[-46.38206217612247,58.21760952979551],[-42.24891054700844,61.087488238279334],[-38.78816426564234,65.28051975291723],[-41.455126115486344,70.70699661690165],[-43.77957281771009,73.71404230483773],[-44.9270628505001,74.47445849160219],[-46.27357781093578,74.37602408614775],[-49.427556140792085,74.66341071311221],[-52.63307190828717,73.76909526679219],[-54.0194761185047,73.4395682537693],[-57.13477084346429,74.31933077978552],[-58.81516174466912,74.65142864194299],[-61.966590935480326,73.93495114150346],[-64.05251303547804,73.28170995490858],[-63.42393743082791,71.90609353396282],[-62.035117498245974,71.33585125640838],[-57.63748365320818,71.58198380082769],[-55.81893267509182,72.11480654425196]]},"properties":{"name":"Blackout","type":"circuit","stroke":"#ff712e","stroke-width":2,"stroke-opacity":0.82}},{"type":"Feature","geometry":{"type":"LineString","coordinates":[[-92.10959543843285,33.55253131253653],[-92.10959543843285,33.55253131253653],[-90.6391762229903,30.52356577922013],[-88.30242796738922,28.31325876490998],[-83.49835651543813,26.660374346569345],[-80.83226275394648,29.76320978750416],[-77.67988906357962,29.489115630363777],[-78.09506171012593,24.169369629512133],[-75.56882055105615,26.618397002416874],[-72.58434373593991,29.99302909057289],[-74.22258170614154,32.628958642823456],[-72.5418393125081,35.18155069506804],[-76.5677449012341,38.87700577892014],[-79.35453384731983,42.033953379500154],[-88.92891773490906,42.700005675285766],[-94.43880846480157,40.89412575287632],[-92.53076917658858,36.39136078123816],[-91.20928857728707,30.602815408552125],[-93.39658835468705,29.0585353844437],[-98.89611777285367,31.486597216490793],[-103.12563230423024,31.337402840489236],[-104.94936072379717,29.531336434355026],[-109.65156567092089,30.4468105621044],[-111.5829127225977,30.464353621844708],[-111.98170453360805,33.2246772927118],[-112.30299119008836,40.13849243722696],[-112.66968397492735,41.22618673211347],[-110.65050740618504,42.315568783851006],[-107.91269638162066,45.276851313525135],[-105.33813848851025,44.64650526075181],[-100.8151491247758,44.19456347059062],[-98.27368454252856,46.08544777889766],[-88.09771674708114,48.06822831949164],[-83.16551243866773,48.757545101318506],[-82.90283983164363,49.526048434639655],[-86.89976375973474,51.207276351290275],[-91.78186042165565,54.240012983671804],[-106.97377479980415,56.47254091443937],[-106.80305749411656,56.106235976604836],[-108.71667407355861,54.17039638166204],[-109.68722634349996,52.27323782207011],[-112.42979316025527,50.38136969249758],[-112.73069939716464,47.94247693881087],[-113.79419695599246,46.729342813595586],[-111.00373207110401,44.90733469824515],[-113.31082544501254,43.65226194354406],[-118.68554716014383,48.76250027290729],[-123.26002465023348,48.25241417087082],[-124.26583616862501,49.459208505089634],[-124.47585192759713,51.87235479873428],[-129.8435423962701,51.71010515355623],[-136.68108850255805,50.830084808806006],[-139.12294318029655,50.097737322027186],[-136.11949043279742,49.94613561754261],[-130.508070893696,49.029146831865404],[-131.88786291016254,47.41498647235975],[-134.4725307954867,45.462503597890695],[-133.7249004652375,43.74945960181826],[-135.78078088408074,42.669696947225674],[-136.51185134387939,43.65972817645533],[-137.51439513371415,44.8262905507928],[-138.97400611013566,46.09030551515829],[-141.0932246987254,44.94189216385222],[-144.22479636993816,44.93815385990493],[-147.32395853021205,43.75262699400229],[-146.32418329740435,42.60609098562985],[-149.09235626409972,41.11923475376875],[-150.00415560036652,38.676895905084386],[-149.6227198346393,35.42062555022825],[-145.38761446890027,31.05912498821636],[-143.0060979763341,31.017124910411304],[-141.85902938081966,31.798738237618277],[-138.60106532756885,29.523797247902458],[-137.56839541125032,26.711237656490407],[-135.03687272925464,26.092871989263358],[-131.91818907618784,27.243367388146922],[-129.8428683915908,30.29146559990837],[-125.93225964978531,26.85366435616162],[-122.88335482080672,27.19981130405285],[-119.90286838223507,31.646275508700626],[-117.3334376482201,33.49822043871572],[-114.98481821759033,30.78285302691644],[-112.44277897693648,29.96616721593935],[-111.5815310555985,30.4360056706851],[-111.65164742031732,33.225020834117856],[-110.01062319378026,36.35293621567405],[-106.73618302094721,36.40441874596169],[-101.04222120037373,38.257134952817054],[-94.50218832013361,37.006776451283386],[-92.29240246897031,34.48532503342214],[-92.10959543843285,33.55253131253653]]},"properties":{"name":"Canyon Touge","type":"circuit","stroke":"#ff712e","stroke-width":2,"stroke-opacity":0.82}},{"type":"Feature","geometry":{"type":"LineString","coordinates":[[-77.44493365010811,-46.40163904408377],[-77.44493365010811,-46.40163904408377],[-79.49690254804663,-46.22594490842338],[-79.87426892035487,-45.550559648434955],[-80.85506376386161,-45.56917386870899],[-82.22458430448778,-43.10161417773855],[-82.52355700040084,-40.91582341020525],[-82.86551735119241,-40.95300043657153],[-83.09984410968161,-44.279134702673154],[-81.94729493982335,-44.02224233093612],[-81.93386228049476,-43.09402665461315],[-81.92605524896878,-42.24033265295548],[-80.61735686518843,-42.433268762854205],[-80.59801278581031,-43.490688751705264],[-80.75587552863033,-44.10831476674464],[-81.18581436941056,-44.776961100868974],[-79.50377872646922,-44.707546377893685],[-79.27253259913809,-42.59679909878037],[-78.47281424469764,-42.59037276729886],[-75.71188928745305,-42.762103576877315],[-75.38015558651077,-43.356510446645935],[-73.2790174715735,-43.37401576091094],[-73.3677050603668,-42.61532392635985],[-74.07749221378204,-42.52809267546342],[-75.68782805225271,-42.74716754039516],[-75.81951259448782,-44.08194921936489],[-77.66217124831564,-44.27659893401569],[-77.45586195133427,-44.88805567684278],[-74.76804869513023,-44.88890354902585],[-73.53374273062585,-44.55583529028375],[-72.09792971543163,-44.69595175600639],[-72.07438005171302,-45.75084944621315],[-72.15458781160062,-47.91748297533529],[-73.79868629874767,-47.881905352712565],[-73.83796278306299,-46.462943630659055],[-74.04145128519083,-46.30258312548501],[-75.83025852579466,-46.38624039882353],[-77.44493365010811,-46.40163904408377]]},"properties":{"name":"Cargo Vroom","type":"circuit","stroke":"#ff712e","stroke-width":2,"stroke-opacity":0.82}},{"type":"Feature","geometry":{"type":"LineString","coordinates":[[-109.70317333117721,4.209957725986889],[-109.70317333117721,4.209957725986889],[-110.25874321351286,6.15806926639891],[-112.6922001993833,10.229589445097625],[-114.34542977682281,9.895142132872483],[-114.68849865309944,9.117586584479142],[-116.3753661964878,8.008023617852682],[-119.81378538699592,9.286944736976597],[-125.09491212843719,10.762251005766666],[-128.91555194620838,8.052640697865826],[-128.90721918080575,5.5883068468297],[-129.46484673260724,3.8245511132864394],[-129.42432188602746,2.4674105359411627],[-129.48511405994304,1.3736904374987144],[-131.56181314226492,3.6803525393600136],[-132.90473958214614,5.824862429440521],[-140.24949710538138,6.0678191256237755],[-137.46277124414343,3.309585350187829],[-129.71977596352738,-3.2203988280620877],[-124.8589884625639,-4.367213882300636],[-125.32475655183073,-3.214220407945824],[-122.04474622569805,-0.16334790622354767],[-119.81730623373355,-2.2608286353884903],[-119.83966258596601,-4.002838855031882],[-119.72443899565316,-6.31202469618929],[-117.21421466957885,-4.789939801969936],[-114.92506504767927,-4.650524227875145],[-107.56384615435991,-4.788134689759126],[-102.4793958053491,-3.9156199917890753],[-101.18439788700154,-1.8857091246110578],[-100.16160284979667,-3.3334870335120854],[-102.7897615347566,-10.196579576450697],[-105.78685806587441,-10.163879988792063],[-107.62089622463354,-9.469873263528351],[-107.91273851013165,-11.127115101099447],[-107.71471125612085,-14.48959360114119],[-100.80503513856794,-16.101122532142107],[-94.44863709111607,-15.591729397205066],[-91.6894912335958,-15.972497791283887],[-91.67858659422853,-13.77003538203021],[-92.87163248423255,-11.305632660359345],[-95.30869810237354,-10.45405720789311],[-95.43470296936924,-9.07858794109404],[-92.51711281516054,-0.8113025737821857],[-94.40522868082695,0.4125051793303349],[-93.79417478746558,4.529450163773606],[-96.30702115567435,6.386011192197449],[-98.84036981641054,6.846062555015134],[-101.16430031241596,4.267844981799945],[-107.15513634950943,4.720696673803907],[-107.6413489329786,3.2263910387489165],[-109.40594113597946,3.068691823660787],[-109.72311579389347,3.7510485662230817],[-109.70317333117721,4.209957725986889]]},"properties":{"name":"Carry Out","type":"circuit","stroke":"#ff712e","stroke-width":2,"stroke-opacity":0.82}},{"type":"Feature","geometry":{"type":"LineString","coordinates":[[-117.63829728828355,-28.59609651688603],[-117.63829728828355,-28.59609651688603],[-115.60404166399569,-30.119615261129404],[-115.03049806130439,-30.25943463447117],[-114.75123469680041,-31.09213263243702],[-113.5286444391214,-31.90171438051852],[-112.35802822462436,-32.05638909525375],[-112.04773199227756,-33.379727765592506],[-111.41307655505113,-33.53737513628011],[-110.95020920224236,-32.86115420490237],[-110.99247503040418,-31.977104127729135],[-109.57040595156349,-31.42183079455448],[-110.1764750322085,-30.605567616728024],[-110.52617292269154,-29.957950954553418],[-109.68572664753557,-29.11651587160668],[-109.28631454991272,-28.415426251341373],[-109.04124953393699,-27.718976845551502],[-107.75501698464606,-28.87425252472334],[-105.54799224321008,-29.6876798803429],[-101.96370932458674,-30.471140925646267],[-98.5476674767051,-29.523005207330307],[-98.0236879580845,-26.51233392017351],[-100.43693368522084,-25.98910445177829],[-100.46327004686353,-27.646937943700863],[-101.07267869463456,-28.78675383611335],[-103.08200886799042,-28.826689435858],[-106.31187422053908,-26.265226820542132],[-106.49330039243013,-24.52268313774784],[-109.00015018390347,-24.995903615290786],[-111.52959377446295,-24.030587077926363],[-112.48841846959031,-23.074099724186112],[-111.35047428756748,-27.01433275210622],[-113.68183464675627,-30.724339323063127],[-117.02261046518666,-34.40341287719969],[-118.0640812840892,-39.001518805961695],[-114.8838702311491,-38.24629945152646],[-113.3576446303897,-34.99055612932561],[-111.13557639364646,-29.373356717064084],[-108.52027592268199,-28.224837992123014],[-110.36452493714529,-25.51787850501627],[-112.31143474270927,-21.476493660088394],[-110.99271328882061,-19.25686828531125],[-110.62804277075045,-17.023808649459653],[-112.96237695619682,-20.11896276278666],[-117.34983804584976,-24.515363591560913],[-119.00132074988049,-27.298888077215217],[-117.63829728828355,-28.59609651688603]]},"properties":{"name":"Chincane Attack","type":"circuit","stroke":"#ff712e","stroke-width":2,"stroke-opacity":0.82}},{"type":"Feature","geometry":{"type":"LineString","coordinates":[[-116.98308463655482,4.776706187509516],[-116.98308463655482,4.776706187509516],[-118.063318008707,6.528843308330181],[-119.84520840142584,6.5098079932500665],[-119.31645586928809,7.218832925231362],[-118.66373255253336,7.65496020472767],[-120.51916636143058,9.606573631485608],[-125.16662428783022,11.115386533605832],[-125.37254701093495,15.139702063120081],[-120.31850854027365,16.685413386454663],[-118.47115115982075,15.345745179507706],[-116.80317858764195,13.448755379236612],[-107.09283109674054,14.398336924177237],[-98.85518746113945,12.928687532579008],[-93.40576956293542,10.91450170308352],[-88.58181455434989,10.28771772665063],[-86.61748067582927,12.896046099995248],[-84.15211889772935,12.44653508194909],[-80.67364023967892,10.339763654393815],[-77.51508369994073,8.396522733650167],[-73.25372598399323,6.062463573984451],[-72.38980412637798,4.35864589640678],[-71.7399173793924,-0.3855863241709301],[-72.9654040843334,-3.1032562834904045],[-73.85594863188447,-4.525358375808096],[-76.01182002051893,-4.751981110349703],[-79.00755223325572,-4.327213250649585],[-81.35031735458837,-1.8141416071418863],[-81.79086514659807,-4.69356948917407],[-81.43187663717578,-9.863886906640259],[-80.8751403789907,-12.717223069473219],[-81.38461254978485,-14.790261844924673],[-82.69544955289105,-12.710482232111678],[-82.3578229043334,-11.854998923297709],[-82.78411578516156,-11.051573287117927],[-80.89869918994485,-10.816328285139354],[-81.67836009231735,-10.868895612937289],[-86.40942474481064,-11.533651811235819],[-93.16545921215767,-11.178492655894827],[-96.45611211926507,-10.579134417714839],[-101.10946107601268,-10.591543251661959],[-104.35087734412087,-10.535074339062556],[-107.23568320107596,-9.559649391833778],[-107.99580078035214,-8.1096850236912],[-108.52692742503584,-7.1487871210230445],[-111.8653977607648,-7.199397494951356],[-114.15966607871239,-8.38656877242889],[-116.51730022761225,-9.85026231407449],[-118.2406499203467,-10.856835746488743],[-120.89992732917966,-11.994641367409622],[-121.3890609779625,-12.47178805535538],[-120.25570517106888,-13.971898072259565],[-117.6797844704716,-13.325706729524805],[-116.57727631919533,-11.611767693534317],[-118.18646723334697,-8.821475248821683],[-119.98451314841734,-5.691824666300157],[-119.61670344604475,-4.0690256577271064],[-117.8947070053391,-3.986245985799524],[-115.33470438027723,-5.781833610068684],[-112.89906042566184,-9.83056935905782],[-111.03525944839932,-12.78043534360422],[-110.29248552681588,-16.596484190882336],[-112.09090351981973,-19.947734972349743],[-112.5710039633557,-21.325536993160625],[-111.53474340182824,-24.01317375021641],[-107.1099040519925,-24.75391092194255],[-103.31754054460887,-23.991700185727908],[-101.32019244656007,-24.798670609536117],[-100.37332488917049,-26.174869895364445],[-100.54537806577444,-28.192351780777187],[-99.43247237775387,-28.392021210799243],[-94.22813352884148,-27.803777524395798],[-91.76093387968041,-28.93759721891817],[-89.2674945982963,-29.907721971883987],[-88.04903310163932,-28.580843992681558],[-88.51245035999116,-26.913791218479282],[-93.03050940595946,-23.17423311568033],[-95.61504233676892,-20.797825563557957],[-94.04047989310418,-19.309405814006112],[-95.15397320631408,-17.039519573005613],[-94.50696376939506,-15.358818417818954],[-97.38312606726547,-15.097390952607556],[-101.36216383716632,-16.07485628666683],[-104.17100858448282,-16.31565699093418],[-107.15823364812935,-13.566049157680611],[-107.9076792588609,-9.105701503294876],[-107.15690306337086,-5.260630693126117],[-108.04779964647125,-2.046880323280172],[-109.49487916902822,-1.0220157095647924],[-114.54505139685078,0.10984718434988139],[-115.98695818953132,2.7818820997266105],[-116.98308463655482,4.776706187509516]]},"properties":{"name":"City GP","type":"circuit","stroke":"#ff712e","stroke-width":2,"stroke-opacity":0.82}},{"type":"Feature","geometry":{"type":"LineString","coordinates":[[-137.4910016039305,3.278348371151697],[-137.4910016039305,3.278348371151697],[-130.7581979009968,-2.5884697142953677],[-128.41599062313568,-4.694138548918115],[-123.30251500013232,-10.819409039087647],[-122.10282726225655,-14.609435008097508],[-120.90701007326062,-14.985780188121543],[-113.84423759861036,-11.115295816654369],[-112.18144128445891,-11.19772591986702],[-110.21086191264074,-15.264524376072368],[-110.66041771411213,-17.05259029983599],[-113.00396331372724,-20.186007668189603],[-116.93545003504056,-29.217834126000433],[-112.17018287192674,-33.30564021481073],[-110.71560331434486,-32.88118305386511],[-107.12038280235053,-29.41423810849347],[-102.76437916132696,-30.22061774702562],[-97.09439902901484,-27.858264977102557],[-100.44769764081849,-25.965226153323286],[-100.47778347655438,-27.710360224158123],[-101.51319580297681,-29.01672318909697],[-104.0885076734832,-28.317741332728218],[-106.51825576445901,-26.32350827937784],[-113.62974605190458,-30.78606967990237],[-113.94249247948603,-36.935836791299096],[-113.35256093483333,-34.98887272795305],[-111.14123654516891,-29.375259881277216],[-102.56983667573253,-29.185934963558964],[-98.87765003582903,-28.195016911588432],[-91.6488490433526,-29.026573691780612],[-88.17291254192102,-28.697427143779386],[-88.21122086586305,-27.192726530100593],[-88.72602164982328,-25.931431179099633],[-86.28800035855555,-24.91667995683533],[-85.14469591918761,-21.28691344904786],[-85.4654090162289,-20.625791040468883],[-86.47475931892168,-21.534877224402308],[-82.26673767342696,-22.350176390009572],[-80.41664580733789,-21.546389618332142],[-81.20215872083526,-16.20769017876927],[-81.70273521664322,-5.3720981477954695],[-85.95823894317351,5.058975071908291],[-87.22843535886592,6.489153439546138],[-87.94917750103328,9.060870538069162],[-99.04340924899742,13.124479996779355],[-99.3956223036481,15.256109854485265],[-100.49222330520145,16.992064316008832],[-101.79485879519233,15.865676661285173],[-102.62054707696959,14.400735795080402],[-116.3129074012117,13.65374292695911],[-117.36588546315687,14.013761847297486],[-118.74655557491765,17.45234767980955],[-118.60470241296161,19.72146868249659],[-125.96366075526869,21.976340423027544],[-129.6910578137825,22.358917988963263],[-134.75850729048665,20.477457724380955],[-136.01884802347905,21.845476386942615],[-136.78474913305217,21.252748705335705],[-129.27306312462198,9.423393422433989],[-129.31960988509573,7.396540687543208],[-135.75537143009595,8.54533242864197],[-139.97337072171212,4.863746128908961],[-137.4910016039305,3.278348371151697]]},"properties":{"name":"Complex Route","type":"circuit","stroke":"#ff712e","stroke-width":2,"stroke-opacity":0.82}},{"type":"Feature","geometry":{"type":"LineString","coordinates":[[-123.21682437037421,10.669011245981961],[-123.21682437037421,10.669011245981961],[-119.0661015117334,8.701819129437842],[-117.14517728637094,8.348333125238334],[-115.83620701471452,9.081078616522273],[-114.70060922582972,9.318850512348874],[-114.34963927247084,8.55699723735018],[-113.28806980794216,6.883993328555945],[-112.55564091132536,5.381506092675606],[-108.71084501060697,4.532055451317371],[-103.65727325084526,4.0532813794530345],[-101.59371646284428,3.3291857652838903],[-101.76043955654134,0.9089613482469865],[-102.45416559351678,-0.2382577593167472],[-103.09353321908091,-0.31012772707349257],[-104.10443495093067,-1.054869177578599],[-106.97555726594695,-1.0430039091504248],[-108.18851128852441,-1.8629338172819736],[-107.26487914252333,-3.823267752071329],[-105.25781029295749,-4.861503668976429],[-102.21143528405979,-5.501100168427008],[-100.44433959770778,-4.719537633970649],[-99.7464930256735,-2.7715748521135435],[-99.05607764275649,-1.488366776726565],[-97.90434236790354,-1.7257977905110273],[-97.0757340306938,-1.6341390126907296],[-96.56766955033557,-1.0529440229951543],[-95.97709948145021,-0.5170790409916037],[-95.4431646424865,0.18128734290477944],[-94.72127532486685,0.5358370416447009],[-91.24302106660049,-0.9169628417147084],[-90.36073867379262,-1.8424941929049439],[-91.24540116980181,-4.11795663778765],[-92.45878481509214,-4.623897599938893],[-93.43528779670098,-3.660163908020836],[-92.63374981110128,-1.3992972573017521],[-93.02966601728757,-0.12025442338409853],[-94.51948164092454,0.43268762598791],[-94.83580177458359,1.3243931672335378],[-93.66346217101938,4.407335787166467],[-92.46075169522202,4.839128008344321],[-90.5882291308004,4.160428734097044],[-88.48720450167002,4.66452185532331],[-86.77903218315447,7.802315645000301],[-86.07026981605166,10.218684271507081],[-83.03735355605673,12.622450703310562],[-81.6709107118597,15.12117901874418],[-82.98968520713152,15.782662613753002],[-86.97023066519921,17.041803326778336],[-88.66612845936467,18.001682201940152],[-89.72179036568023,19.249313322474187],[-91.95831457707044,20.206569358574498],[-92.60248969366495,20.39479702515611],[-93.7590170862545,20.084711383531424],[-96.33960134173641,17.695534209145578],[-98.28036466065325,17.042904487446986],[-103.13733890916446,17.03754532618646],[-106.85586988744056,16.84350788020359],[-109.33475308201535,17.070039290792742],[-110.94802987920573,17.513719359571315],[-112.6262458872553,17.542313502567115],[-114.21627001544691,18.857548289730502],[-114.58685482403249,20.29670411176897],[-115.76221858008995,20.12129244783674],[-117.85269505496646,19.613513292131117],[-118.71422579451341,18.941492483685455],[-118.77573603818897,17.75438215481702],[-120.08697540810525,16.99207765493681],[-124.27670446606191,16.140707343116375],[-125.91343404561654,13.37066578974137],[-123.21682437037421,10.669011245981961]]},"properties":{"name":"Concrete Corners","type":"circuit","stroke":"#ff712e","stroke-width":2,"stroke-opacity":0.82}},{"type":"Feature","geometry":{"type":"LineString","coordinates":[[-70.69673236095815,-32.49568838433787],[-70.69673236095815,-32.49568838433787],[-73.66749604710088,-36.68762138840464],[-64.81132801121768,-36.05709876214573],[-64.46919718780894,-34.38615118504904],[-63.92688945816542,-30.934297005495992],[-62.31511228747125,-25.647141090234122],[-62.582681707448884,-22.71125127709221],[-60.77909300698866,-16.88790780382078],[-58.59046062402144,-11.553999158007871],[-57.46357502655565,-6.843884283404133],[-59.13234326208124,-7.308378512278868],[-68.11906435958137,-18.040228059472604],[-70.57708573106363,-19.563592793676406],[-72.3383172559405,-11.484533586947824],[-74.60050036320362,-6.9843089902166575],[-77.49854127572215,-7.58047629474385],[-77.70612268911714,-4.852562140790546],[-73.42440771436819,-4.0118406962944135],[-75.71185002020127,-3.096729121754267],[-78.10633903983347,-0.5264776479651783],[-78.47412465894487,0.40606813227952365],[-74.15014195910621,1.7931589660025526],[-71.8953430573371,1.4401339308531043],[-73.62435307786824,4.805159967267289],[-76.16479379103035,5.280353035629756],[-79.63601523143906,5.446485948843443],[-83.77949443999132,4.350340962165548],[-81.84417087552336,-1.3624802571223018],[-81.35454742853449,-14.308389651849408],[-82.29065921695563,-16.415739002511934],[-86.43144243301606,-15.74842288519667],[-87.10508797390968,-13.059734292598746],[-87.68945700119455,-10.507604443007219],[-93.00224444221007,-10.492176700995932],[-95.45459986626788,-10.609847781533984],[-96.38766297768412,-11.225596073299561],[-103.11059645739242,-11.936045764138575],[-106.10111489715538,-12.94053631561515],[-106.98315815249006,-15.929622776910355],[-106.87913372147813,-11.845549112976448],[-107.97895927997548,-8.21468272873688],[-108.645578486023,-7.136140525318847],[-109.84412772751868,-6.778788595126649],[-110.38056679821538,-4.660829436211131],[-115.11282138332993,-4.5454167970863075],[-119.42597316721626,-3.6524749069079974],[-121.94973070230706,-5.663513420042829],[-123.00317396112773,-5.585416153081599],[-125.20871773108362,-4.429233337264673],[-126.50785612378063,-4.397385763119949],[-132.6484404969543,-0.015230335499314407],[-137.2333394138696,3.702114950154394],[-137.19957444935685,4.266163318635838],[-132.69641316450787,1.260345357954689],[-131.48636971390744,1.6619144185714188],[-132.00666562945847,2.5839981622301647],[-136.04986874222772,8.68172895076787],[-139.25754541654422,7.885192739372851],[-140.28616130962723,5.887804430010985],[-138.80090599360418,4.388555306678816],[-137.46974445648863,3.3052402112621166],[-129.88057376459986,-3.4298894472052286],[-124.85940000743439,-7.1827808230640215],[-123.81629993984872,-9.048758536433324],[-122.87936859883311,-9.567879443441408],[-122.09501347435973,-9.714739722002035],[-121.1917262011134,-13.149822592136276],[-118.88950201497602,-14.028977853515501],[-113.32703434183581,-10.823341693581286],[-112.39115484676343,-10.986911837593889],[-110.42022083930658,-14.14342441304799],[-110.7800830105518,-18.519826355281914],[-112.43758420328805,-23.10401760916966],[-105.30948764496081,-28.338706425626775],[-95.48165485159738,-27.752804771826625],[-91.75889826459365,-28.948035032226393],[-88.7936302189361,-29.453329427023284],[-85.83725963693742,-27.898248110479976],[-77.56074051604952,-28.459095723724843],[-71.86190919891219,-29.640113402043994],[-70.85648431144874,-31.782511616094723],[-70.69673236095815,-32.49568838433787]]},"properties":{"name":"Dance Dance Revolution","type":"circuit","stroke":"#ff712e","stroke-width":2,"stroke-opacity":0.82}},{"type":"Feature","geometry":{"type":"LineString","coordinates":[[-121.40665638373056,0.5209339344372026],[-121.40665638373056,0.5209339344372026],[-126.50189471102678,-2.3815235813852134],[-131.56626745097802,0.9469244866032902],[-137.3198073636098,4.4202388778818404],[-140.97900530979746,5.2694938734287495],[-157.9690378853964,16.37500996480575],[-157.2056216644727,22.39391709557984],[-158.5144233156617,26.579064912475445],[-160.35962825020817,28.96695318561229],[-161.09507185471557,32.09586595312528],[-159.65586108291035,35.7993441759303],[-158.80127937967046,35.679766264013985],[-158.5827285353614,33.63563951546047],[-156.2814637610713,35.96245070820116],[-155.29205945822727,36.03686790909683],[-153.9250621548031,35.236008130312534],[-150.47345264144258,38.82539073631575],[-149.62297762826242,35.44062379711605],[-143.1105936622103,30.980568001761302],[-141.67685829587094,31.751684136627926],[-138.05939545911792,29.43866613745038],[-137.16808089341941,25.117525920446134],[-132.99197149149623,27.554170222575042],[-132.3318752891465,26.97598137289576],[-133.55953269819156,14.727944680291895],[-127.92979920480377,16.591585788105213],[-126.89697792667387,16.34542600220457],[-125.73151359973527,17.714023293875172],[-118.72859725170443,19.100519654455283],[-114.6683713850156,9.136128539301662],[-112.80595102133474,5.4802590776249005],[-109.10338281289073,4.531745204265039],[-101.36884360370694,1.9701813486890494],[-101.9778939120846,-2.242575920650655],[-103.52939141409408,-4.904947210479197],[-109.88827922327148,-3.8454107656801426],[-110.34909109036253,-1.0154848191944836],[-114.5784619108864,0.09183499863518563],[-116.85214544007971,3.219760204908095],[-121.40665638373056,0.5209339344372026]]},"properties":{"name":"Directors Cut","type":"circuit","stroke":"#ff712e","stroke-width":2,"stroke-opacity":0.82}},{"type":"Feature","geometry":{"type":"LineString","coordinates":[[-97.84133163903462,-3.0480933154521317],[-97.84133163903462,-3.0480933154521317],[-94.27623551822477,-3.846932174268254],[-90.81448325498566,2.9292704215620073],[-88.76069685855043,4.611050877451304],[-87.25497256943686,7.074111147339255],[-87.18322054333385,8.261862343043402],[-86.97870340558643,9.308380402443536],[-84.61103666897341,10.49288910456314],[-80.77033952584594,8.401092837462162],[-79.99685615281948,9.571989803933063],[-80.91631234555871,10.770274156427234],[-83.12669938271281,12.468828639155133],[-81.93165050943519,14.858624618063393],[-83.9233696546957,16.153306813951133],[-85.15338480769827,16.466137670938043],[-87.25558131175946,17.039949630253425],[-88.64198382555892,17.965447569620686],[-89.81260920225417,19.26850096371124],[-92.61737072696133,20.386194863779338],[-94.9134901677306,19.51166243763066],[-95.82126849261337,18.19635150141911],[-96.80976357637701,17.25521745875207],[-99.63603513080471,16.96127399651508],[-104.86144876541638,16.72957652617416],[-110.97917910529823,17.437386128472333],[-112.92898067435259,17.51026339512466],[-114.0611581939203,17.997128563945118],[-114.22044573171344,19.389926246905265],[-114.63112597683472,20.30180952281555],[-115.64058219305045,20.17289921850646],[-117.8613835614916,19.646133591509866],[-118.61191408828115,19.240047691612947],[-118.73693682502932,18.60429759986551],[-120.2489344132377,16.68498976243685],[-122.13630445231168,16.47736297537793],[-123.02515704737775,16.32322354533616],[-125.96270456965892,14.236378422514393],[-124.76782388243896,10.877104598562502],[-123.23928619190372,10.565093976675],[-121.70325714359882,9.908991985487521],[-118.590710752767,8.677074284732546],[-116.27421768814914,9.085287736997131],[-114.78712424807894,9.346168874732207],[-114.14080428129479,8.637434214403907],[-112.90583995227541,6.36326168986547],[-112.6830352603134,5.724125990445463],[-112.03581611034032,5.450453816031446],[-109.10770212574022,4.7723217666834845],[-103.17727675721133,4.274462105969896],[-101.62644031622492,3.3386594513974615],[-101.9136262512292,0.5058696171288037],[-101.84418066750216,-0.8695146198803485],[-101.05456211659599,-1.9350323703695125],[-100.59300075491478,-2.113391155250131],[-99.29871555276851,-2.5418490621464187],[-97.84133163903462,-3.0480933154521317]]},"properties":{"name":"Dking Benchtime Circuit","type":"circuit","stroke":"#ff712e","stroke-width":2,"stroke-opacity":0.82}},{"type":"Feature","geometry":{"type":"LineString","coordinates":[[-101.33029592634823,-37.431630103117996],[-101.33029592634823,-37.431630103117996],[-105.19090533658672,-40.40504217661425],[-107.52049653029819,-42.063830013493835],[-107.70393410269912,-40.98410227694194],[-104.91059451962117,-39.76957716353826],[-102.88042066984607,-37.635501815193244],[-94.0015556770147,-35.981169474454376],[-92.7794178313946,-33.71819252838542],[-92.0449498373845,-35.85995381780293],[-90.51044154470037,-35.0848041407664],[-88.23518259369584,-28.76833019555498],[-88.29961030299627,-27.112975250609452],[-88.37298471399919,-25.78880201811672],[-85.23912944792183,-19.267099421168943],[-87.12688973801032,-13.537201884897565],[-87.79151776341219,-13.02739986602372],[-91.39775071822507,-15.509324201771475],[-93.09872487717037,-16.16994388385512],[-95.86743580872329,-10.21180652510436],[-94.11023534688792,-5.538288974386614],[-94.9465436931062,-3.808478626195445],[-100.93666705966066,-1.4863388300347289],[-101.64771873333984,0.5991372986026668],[-102.61399700839982,5.455681416282405],[-105.60264586859999,7.756963805720933],[-111.27537346749004,10.480048704008151],[-116.35249241093817,7.99172452038585],[-118.65843274617305,7.783625744114278],[-122.2836839481617,5.709917472550045],[-122.72288770649506,4.052536657919711],[-120.70273454977196,3.7040840510540836],[-118.39053607956802,4.454837949759755],[-116.74133741022395,3.8480527584197226],[-112.4164738647784,-1.1790746301102129],[-101.13233224793049,-1.8948240186753171],[-93.43628510014607,-4.586609138325507],[-79.75487619626178,-4.935915505379647],[-80.0465505028695,-3.097298194130138],[-81.80156705446547,-2.2736080025439183],[-81.84219585484942,-7.351655309026377],[-83.73954683033998,-8.181858999939367],[-91.3735256350284,-8.825037942603094],[-93.0957224341718,-9.967974219359943],[-96.83648005826252,-18.616061387890618],[-97.10590709043966,-20.508353488661506],[-91.4912724729527,-24.817086715673824],[-83.13193737009837,-28.059867485411466],[-82.0881699192162,-29.05578397115294],[-83.6798447430644,-35.235404125536206],[-94.97810486332655,-37.15964361796978],[-100.04071043859909,-37.406818410414985],[-101.33029592634823,-37.431630103117996]]},"properties":{"name":"Docks Lines","type":"circuit","stroke":"#ff712e","stroke-width":2,"stroke-opacity":0.82}},{"type":"Feature","geometry":{"type":"LineString","coordinates":[[-118.12798346126078,-25.283610607973877],[-118.12798346126078,-25.283610607973877],[-111.8924432680851,-19.254502227830933],[-110.1240768688227,-15.85612883921434],[-111.04394287266759,-12.20414661916375],[-117.24981060283774,-4.1197753130473345],[-122.49436138420869,2.5266420136835688],[-116.79743403470152,5.292450377707679],[-113.755781736204,5.8756730689218335],[-105.49319898734106,4.281453248060624],[-99.95758222827172,5.132781591048749],[-97.3472519289055,6.596163954229754],[-89.4784200317293,3.9962184367804205],[-86.02298960761684,4.888295094300811],[-82.97569994453865,4.620918938245331],[-77.34057169638034,7.204379642828385],[-76.59369180313877,7.758639231197497],[-73.06384291954322,4.984832272096318],[-73.67782544550127,-0.7044613310973062],[-74.68468369511491,-4.646797259067469],[-79.34862524575128,-3.8902579602065988],[-81.8009080457374,-2.5683608257558515],[-81.65831725444124,-8.648682891862391],[-81.6242054190616,-10.877896970450523],[-87.44729624343528,-11.54742217039245],[-93.09969366547374,-11.180498894158424],[-96.13732728634444,-11.435954951414304],[-94.74208051558551,-15.505928813292973],[-90.15604602080955,-17.82975429681455],[-86.75974322755391,-17.268439120980318],[-85.95794867516088,-18.70838210083381],[-85.55617243674494,-20.61672744396283],[-87.36321107586708,-22.48791726824215],[-88.82247381412331,-24.628794643606533],[-89.82635727392689,-25.959330933858602],[-88.5618471406169,-27.15496303583624],[-88.78578834991121,-29.0444104139209],[-91.90678376246133,-28.696136192708636],[-97.92293253604397,-27.70399645077218],[-100.4442704708338,-27.771561384427912],[-100.07436937369951,-25.763810777935966],[-97.28502194794125,-28.89894734389415],[-104.47912967866344,-29.54003329558963],[-108.76838820874144,-27.825509361769114],[-112.23171273272627,-25.995012544769615],[-115.12564313835476,-28.39114894681277],[-116.65953854417948,-29.346504068727953],[-118.12798346126078,-25.283610607973877]]},"properties":{"name":"Double Trouble","type":"circuit","stroke":"#ff712e","stroke-width":2,"stroke-opacity":0.82}},{"type":"Feature","geometry":{"type":"LineString","coordinates":[[-94.00249845704661,-8.177898269255047],[-94.00249845704661,-8.177898269255047],[-98.09619311193417,-7.281991318835434],[-98.80841567743484,-10.796966316772549],[-96.10915507233888,-10.88020057357249],[-96.07972178728181,-12.23580256655933],[-96.44942033428477,-13.154571822863561],[-101.89867170509714,-12.490678247403467],[-105.46569762438904,-6.787590665211209],[-105.46197233415758,-0.9974064519464427],[-99.06822772318739,1.512133513378096],[-95.49144795639464,1.1975872213240635],[-91.49100952174823,1.3712509686141292],[-91.4030093877998,4.579864299882716],[-97.18879314159737,6.723503709994688],[-99.73609192990224,6.753457501197042],[-101.24637245394959,2.341442541930423],[-102.65066697324991,-1.0459087132580311],[-107.07493476940684,-0.9964591169025958],[-110.00558147874446,-1.4132058062927886],[-109.39923037644854,-4.7902386219160675],[-107.33935287525534,-5.048618951842013],[-107.63588972324143,-9.735298879545875],[-102.48984416231201,-10.349341299064085],[-100.67733593767463,-5.405956346393687],[-99.31558171074246,-2.5151426869341353],[-96.20932181576636,-2.904592045442447],[-95.52555243883117,0.9141586811350066],[-98.26172836553157,1.4304757275479876],[-96.30973700619872,6.160914652603673],[-93.74350952170359,4.932286510284852],[-94.7562640106172,0.43039941923740876],[-92.54690105293182,-0.5444801317751295],[-93.4449017976446,-4.584152609062205],[-90.96809227849505,-5.202421938268678],[-89.08021585476796,-4.707881559215359],[-88.97648912377608,-1.5323200201569236],[-87.15103275161674,-1.8856323769082586],[-87.2803461146425,-4.659675143652262],[-87.44577050528761,-7.065925585992911],[-89.30086594735013,-7.35703606927823],[-89.47306626059265,-8.791934468031469],[-94.00249845704661,-8.177898269255047]]},"properties":{"name":"Downtown Raceway","type":"circuit","stroke":"#ff712e","stroke-width":2,"stroke-opacity":0.82}},{"type":"Feature","geometry":{"type":"LineString","coordinates":[[-102.8736329948244,8.90386094848463],[-102.8736329948244,8.90386094848463],[-103.0063536474167,6.48236394133994],[-104.00642763636246,6.215218229002013],[-108.85907463963711,10.821446197178963],[-115.95021933706276,8.127685020425869],[-117.19588340917903,7.894991141713568],[-119.00014294959792,7.6077015946548965],[-122.32232970152418,5.717575906152038],[-122.64874123435285,4.05068878656257],[-122.38469792943177,2.8181374970934847],[-122.49970681189359,1.0617743426917894],[-119.51270646865807,-2.504880453104006],[-118.35165176051865,-2.9721014439797138],[-115.41590816014278,-1.1971423404735813],[-114.4005312331793,-2.2386808922922334],[-114.40664541551165,-4.231191264245119],[-113.64745810429746,-4.740464446374972],[-110.5662849291603,-4.763183003981926],[-110.1063814301846,-5.800150889581651],[-109.51429635784065,-7.205677698140725],[-108.0684545300802,-7.754261874274224],[-110.9518569884041,-18.92451522525095],[-111.01072682889559,-20.285204112899606],[-105.8464039848107,-22.841662433752447],[-104.2035585354955,-23.87756783340528],[-98.01670375453406,-21.758432495671343],[-94.20180966425579,-19.913537971133046],[-92.88482917821769,-20.102551128149095],[-87.24799143354647,-24.72938781485587],[-86.31157111027605,-24.916438416782775],[-85.11960453064556,-21.078851685012566],[-86.10009111259644,-20.77182429539956],[-85.93247670908666,-21.846715639628343],[-81.41749748010355,-22.318618011879572],[-80.42592757710415,-21.651221047468937],[-81.03677616529355,-17.3435938202432],[-82.12781157467319,-16.421077958181726],[-89.89073049453965,-14.81617298217971],[-91.39259465581623,-15.499079849371816],[-92.8925594436893,-16.28197525444942],[-95.83785650653994,-10.14671555093294],[-94.045251363238,-5.060898079387279],[-94.9343964259292,-3.8271258647182247],[-98.86741155245855,-2.3081294904922807],[-99.12901577225334,-1.0868521712967318],[-96.03176516344966,7.97464655356886],[-96.64398420530614,9.15619841945806],[-101.36452283050306,10.815394258210596],[-102.8736329948244,8.90386094848463]]},"properties":{"name":"Downtown Throwdown","type":"circuit","stroke":"#ff712e","stroke-width":2,"stroke-opacity":0.82}},{"type":"Feature","geometry":{"type":"LineString","coordinates":[[-71.13432532641623,-30.27042248314983],[-71.13432532641623,-30.27042248314983],[-75.75101682881278,-16.211239972948988],[-84.80406255488504,1.5086769035783654],[-80.1482573484888,13.913408805340556],[-76.89706122457618,17.30905563967353],[-74.64400303612473,19.454610957876774],[-76.9373928176162,21.436342389257273],[-79.00605205849998,21.2273882772218],[-86.03118371577283,16.434036358369404],[-87.72846877085493,13.880732940791225],[-92.23982627559079,15.381912670730244],[-93.46597078757559,15.1404166760155],[-94.0749870446426,11.153106416320018],[-90.80019800307781,9.935734374178049],[-87.99646430665399,11.341677742246013],[-82.95836609816473,12.758036093484993],[-75.28483757668342,22.86724963523343],[-76.58077031057553,25.269252890486477],[-78.74761304391978,30.228997678379958],[-86.25321846217787,27.273770991877306],[-90.0077386270098,30.50175463585232],[-91.01672904316005,29.477355008835485],[-91.6894787168463,27.547803918598163],[-94.74046287728704,24.622844544153075],[-99.47738051659913,23.400598787048533],[-107.43455795728343,24.473877356860392],[-107.09453010083224,22.733382038157174],[-100.8856883089994,20.147926741587312],[-96.93846584981505,18.989442362856423],[-96.27967716452933,17.86771872698496],[-97.9485722458047,13.466243632537147],[-98.60871284204498,10.587535519916713],[-98.06182254171291,9.495054425405412],[-90.61305926257079,6.81995486325972],[-83.019159221981,3.1589441502054036],[-81.78224809522827,-3.3282006161375826],[-81.41406929739804,-11.13560861880532],[-80.84569988216103,-12.721590759175767],[-80.871542117576,-12.284999757893994],[-76.79975685109619,-13.529588718973928],[-76.29280549165695,-20.04094890451249],[-75.36186961922337,-23.575196800833638],[-73.78768256403733,-26.177300262682877],[-70.86121656719456,-31.793313511981495],[-75.50224626541007,-36.56891508672908],[-74.86268948465339,-36.697535705082615],[-70.45889000100573,-33.579662232456684],[-71.13432532641623,-30.27042248314983]]},"properties":{"name":"Duck it We Ball","type":"circuit","stroke":"#ff712e","stroke-width":2,"stroke-opacity":0.82}},{"type":"Feature","geometry":{"type":"LineString","coordinates":[[-81.19680332864026,-16.859957457912664],[-81.19680332864026,-16.859957457912664],[-81.07857655253062,-13.871623326047084],[-80.45212186713204,-12.829274129019547],[-83.21818057987147,-13.308282704411086],[-82.35306180517166,-11.854416500040182],[-83.1618311875174,-10.689872861401371],[-80.30042767393415,-10.583257490552393],[-82.95907704186051,-10.938396739586052],[-88.3264842219615,-11.446281886323186],[-94.67916178301256,-11.153483989737262],[-97.0930498495672,-10.51224744055194],[-104.64081329941062,-10.475471286035331],[-108.01643422687594,-8.0020548860817],[-109.22553159926149,-7.129998196485616],[-113.17082726697467,-7.971627577185689],[-114.5020547317764,-8.607383776840093],[-116.14699867682873,-9.610740973551154],[-118.62996401621885,-11.078959794640147],[-120.4322816711445,-11.91445910670008],[-121.17078826396593,-13.227759696832335],[-118.65851628991385,-13.8426105358237],[-116.57996546316174,-11.58599640569379],[-118.66598656088834,-7.916193431263185],[-120.132253709249,-5.439210437351811],[-119.73462169340979,-4.121169771027951],[-119.07824240559114,-2.5781451099736774],[-122.41410205647904,1.2838476662256824],[-123.82277413032546,3.09206872573154],[-125.13968581914197,5.050192864932531],[-125.0545856087706,6.209421379236897],[-124.31962492942114,7.635305896516156],[-123.00554626764517,8.772067061493503],[-121.2295555251408,9.736685570290646],[-117.75313380203363,7.859319101299047],[-117.62416880929115,7.236290172543328],[-118.19709971684077,6.465450962210364],[-116.1142814502781,2.687578850971539],[-113.02890814571472,-1.221500645832661],[-109.45965691433165,-1.2297084426698035],[-105.39027914327289,-1.1597635703020597],[-101.42852707596164,-1.7830891273025937],[-97.87764684251559,-3.044740014586356],[-92.68229844303802,-4.8701363352322],[-88.31138848304472,-5.17875966744127],[-80.96442423876925,-5.067801548384047],[-74.77350867226923,-4.969775651551455],[-74.2532374309783,-6.094533143154358],[-72.56659558573075,-11.734060055963232],[-71.97073481805296,-17.170176429895363],[-69.43393160895157,-21.551102313323312],[-70.5605639281912,-22.95824901268189],[-74.49171117401691,-24.265602443973272],[-77.52592639328967,-24.858639406680027],[-78.11020254114574,-24.10404275897961],[-78.85921616216004,-22.467025892859972],[-80.37505597014938,-21.58875356233419],[-81.19680332864026,-16.859957457912664]]},"properties":{"name":"Dueling Dragons","type":"circuit","stroke":"#ff712e","stroke-width":2,"stroke-opacity":0.82}},{"type":"Feature","geometry":{"type":"LineString","coordinates":[[-76.49363807300531,-42.53221514233194],[-76.49363807300531,-42.53221514233194],[-79.58367933192288,-42.73470756080987],[-79.58058544803845,-45.192079510683456],[-81.00551444808588,-45.423090796575714],[-82.21056120567208,-43.16745052649756],[-81.46665880044173,-34.662220575770824],[-79.15912017124893,-34.58978566035228],[-78.46326258991768,-27.990930705595098],[-78.27581789855802,-22.59309741334136],[-80.34273590979957,-21.78952338232598],[-80.85902825446288,-16.695416962794823],[-72.29923976375733,-15.675437535164486],[-72.71704536816972,-10.714039463062145],[-73.72927888134342,-3.0895803381052023],[-76.4011743750706,-2.940123957628769],[-79.84801526286624,1.0151428050657216],[-75.63700544693864,4.796721637784894],[-78.14854150854441,6.1227941242481245],[-83.86089507754322,3.815736636327408],[-81.83477903955811,1.3939032049759188],[-81.44379422902513,-11.27216897070227],[-81.60580564847695,-16.414658520907814],[-88.44108328566386,-15.856361968503238],[-93.17220270645221,-14.181948107813044],[-96.17512979646999,-17.58678347019721],[-98.64482061809147,-17.16140633948072],[-100.07270184070704,-18.65027912632425],[-100.7723307186913,-21.448749093251344],[-97.59909416540606,-24.048037979693945],[-95.66735291581251,-24.918877229110166],[-93.45634083527814,-22.548214530889027],[-91.50173673369834,-21.1139497750819],[-90.19750391991934,-22.38155817679501],[-92.15485760581305,-24.568408132647868],[-94.6939621819241,-27.554548216969557],[-100.92443233284129,-28.765648621869502],[-104.25829229828577,-28.461369612829763],[-112.85126922952551,-21.676651158572298],[-115.80905464631188,-25.178736175662507],[-106.10836422350978,-32.33507435279891],[-90.94410083305932,-38.217496306538905],[-79.59784595992049,-37.33644929637171],[-73.64485229310509,-36.70709142196521],[-66.97457628634497,-36.851297448449046],[-64.05355864495203,-35.72976034744604],[-63.22182925617208,-32.848759274275835],[-64.10135251234621,-29.959436465109455],[-62.08440660999006,-25.16653616654125],[-62.864413245631006,-23.669621057617917],[-61.344014357728156,-19.18125300450896],[-60.761087178878896,-16.823269894613148],[-58.97563368671933,-13.913631689909403],[-57.26539653573495,-8.032475894090677],[-58.137047573590664,-6.5028039333694565],[-64.65342541210075,-14.834525329969269],[-68.64456311497626,-17.93423119361608],[-71.17977919862335,-19.17975507033863],[-70.22708731957026,-20.362831211433743],[-68.75111841581888,-24.767293204340177],[-72.89039310991228,-27.915810198564444],[-78.96472933809711,-28.27829640686661],[-82.74871652212053,-27.847902358799693],[-87.7865761399064,-28.16413343644581],[-90.25423761493653,-31.074242074993293],[-90.30750068132808,-35.59931912799614],[-88.42944864051576,-35.6748007334636],[-85.95780657490641,-36.534276212751],[-83.66695209331894,-40.013620412873316],[-82.6620596546815,-41.589572913965775],[-82.35656808749701,-47.34049784562938],[-73.53103332930502,-48.02923370062615],[-72.07519645592244,-47.97199170866261],[-72.159766382028,-44.494342677871245],[-73.92329536814132,-45.070567848778325],[-74.26656983942772,-45.610015861098404],[-75.60254521197575,-45.536743462884296],[-75.4320158820137,-44.149976039628505],[-73.41860527887012,-44.13627874215709],[-73.5153652278388,-42.538963334344615],[-76.49363807300531,-42.53221514233194]]},"properties":{"name":"Eastside GP","type":"circuit","stroke":"#ff712e","stroke-width":2,"stroke-opacity":0.82}},{"type":"Feature","geometry":{"type":"LineString","coordinates":[[-70.15761890774107,-36.75773679223714],[-70.15761890774107,-36.75773679223714],[-64.03437148171442,-35.57159936385336],[-64.55640236460385,-34.03997272178932],[-63.24351908686249,-32.83982078651214],[-64.1211279153712,-30.496001518457426],[-62.90878503229778,-26.49793328936891],[-62.81441549312984,-23.373254383321594],[-61.30198440101987,-18.895303349195267],[-60.738571898073076,-16.819513352022014],[-58.20106242719266,-6.5893376536582124],[-68.88938605068816,-18.008092770385765],[-71.32841894212714,-18.44467865750015],[-73.69924309109156,-3.116989353054837],[-79.7569255449525,0.8336390045126141],[-75.95780296300761,5.139387666266269],[-78.15040140958467,6.135012298592369],[-83.75186159382088,3.7537746712204676],[-81.28454496043057,-12.983284703478516],[-81.8993440409434,-16.44669141318319],[-86.77606894602056,-17.83793199339052],[-90.12945357338734,-22.427340858532304],[-90.8992818420784,-25.287879102913443],[-86.1177255944149,-27.82637707316863],[-72.14850879474777,-28.78338319906618],[-71.14751166840159,-34.79697423257119],[-73.67381532872207,-36.65289823939207],[-70.15761890774107,-36.75773679223714]]},"properties":{"name":"Eastside Oilers","type":"circuit","stroke":"#ff712e","stroke-width":2,"stroke-opacity":0.82}},{"type":"Feature","geometry":{"type":"LineString","coordinates":[[-78.55874918216624,-28.674339805062417],[-78.55874918216624,-28.674339805062417],[-78.76228427296752,-22.503195241260713],[-80.28000501929871,-21.115855386132708],[-81.06109151156639,-17.25965794690716],[-82.01692186845877,-16.429897735269286],[-89.71232823990702,-14.94502061093378],[-91.43363700381738,-15.524098418265746],[-92.93323642777806,-16.256134259061206],[-95.82498149737499,-10.068959904794136],[-94.00635689860296,-4.979059114269951],[-94.926215808272,-3.811750407191683],[-98.7916107742187,-2.3571943507683812],[-99.15321008320538,-1.1884794258502929],[-96.0363016793577,7.893040547344883],[-96.71415495387794,9.202610480984713],[-101.58761809549209,10.807844780060725],[-103.02592533128085,6.1800931993347445],[-103.99749156739492,6.186199390742039],[-108.80176694017496,10.83349504623327],[-115.74294726597654,8.241623349926286],[-117.18914422980785,7.828619301620374],[-119.04739181336436,7.589937751600209],[-122.2952241952541,5.711461860171262],[-122.76866868254262,4.077764798561617],[-122.4141975113648,2.775287861574281],[-122.48284325020333,1.0479428976501044],[-119.50775524568186,-2.4861768547440732],[-117.99869952455344,-2.6872512625035316],[-115.14496619507176,-1.2491556849042968],[-114.41321338050484,-3.9930721821863084],[-113.80143406492391,-4.763408630166332],[-110.58242663185895,-4.870508401564958],[-110.11050715103686,-5.711448047292276],[-109.45624380572177,-7.227359685247844],[-108.0964822463972,-7.707345323233756],[-111.00484044313527,-18.98995904742494],[-111.04215693426501,-20.282687598139205],[-105.7811343090895,-22.80600692753783],[-104.4454684967257,-23.93880165821762],[-97.96737596134231,-21.84783029934939],[-94.40249661970273,-20.1348360709067],[-92.87062566846431,-20.118297363318895],[-87.23687737606545,-24.75467437263834],[-86.25114818460375,-24.916908878698123],[-85.09882613826642,-21.11013661706714],[-86.21183028207585,-20.793806377079534],[-85.96978302559641,-21.884383788239212],[-81.420929665536,-22.35625258213247],[-80.4097275076094,-21.870374333164094],[-79.7968554855195,-16.69520435628855],[-73.22501377002678,-16.687366424118835],[-71.47666282819338,-18.600725677510397],[-68.74011152178768,-24.52280970723377],[-74.42581416623169,-28.21551128525931],[-84.53232826779045,-27.735309875652312],[-88.74476566282598,-29.119923620246887],[-90.24804884611659,-31.043029764710177],[-89.95858644605387,-35.64163874336425],[-86.84292297541899,-36.16875983535597],[-84.28394686217987,-38.79106776112036],[-82.65420850809079,-41.99558511069577],[-75.84381000814442,-47.81291200915741],[-72.04637419186668,-47.94491029628034],[-72.18438860904146,-44.49160315056821],[-74.04177945745712,-44.84498223195771],[-75.60840442653145,-44.656562410126696],[-76.21092976975447,-44.077274678118485],[-79.58840220799017,-44.27466007067156],[-80.51184104490757,-45.567996804444505],[-82.3907623551538,-42.32477150654022],[-82.52785781104164,-40.90387446880605],[-82.88985938889194,-41.085153122007334],[-83.07666076141106,-44.579497299974264],[-81.94751908434073,-43.989188981117046],[-81.93559139501058,-43.11110997687936],[-81.87773212592256,-42.228320188273],[-80.62154147900961,-42.49139841077654],[-80.59182692425603,-43.4867926645819],[-80.63711320785704,-44.01989020142403],[-81.20856277784272,-44.79261562308822],[-79.48024642965329,-44.69295980300363],[-79.26248452872,-42.608463236098544],[-77.68226690297445,-42.73853055982869],[-77.33640116885829,-43.36426239889872],[-73.25987964964666,-43.27682007211426],[-73.35197296477165,-42.584429668095076],[-74.07590137786423,-42.53483689829335],[-75.70822126924423,-42.72929441148893],[-75.88212317753496,-44.07244844418736],[-77.68791618042678,-44.26889615179837],[-77.42497414618937,-44.91252610549607],[-74.0466780290408,-44.91370941646024],[-73.28136867864465,-44.555294339585565],[-72.09903626369162,-44.69943028186901],[-72.4546914414975,-47.95988011281562],[-73.80606614585976,-47.551521880245886],[-74.0236099222453,-46.279808057384955],[-75.82547988796935,-46.372308590730775],[-79.47648814712285,-46.31599940108715],[-80.21503080090383,-45.61651425341107],[-81.51820367865993,-44.66826297341723],[-82.23420855085503,-43.181225135887765],[-82.41593075639423,-36.79584316614105],[-80.49463232619132,-34.71708561653379],[-79.06324047387417,-33.71956287843529],[-78.55874918216624,-28.674339805062417]]},"properties":{"name":"El Rancho GP","type":"circuit","stroke":"#ff712e","stroke-width":2,"stroke-opacity":0.82}},{"type":"Feature","geometry":{"type":"LineString","coordinates":[[-80.12749103051985,9.998318753622378],[-80.12749103051985,9.998318753622378],[-73.31007856820237,6.212347532929767],[-74.64991649086494,4.954844478918712],[-76.41375443051629,3.6786743182587784],[-78.63155246742767,2.156165043459488],[-79.37421717501667,0.38313787527458487],[-76.44341420468415,-3.03165306641111],[-74.47924223228904,-3.1988294215793633],[-71.77298577420767,-2.5108326817819258],[-71.6079985161176,3.615881381685657],[-75.70799940033237,4.900178566049717],[-81.8037757318771,5.191140162678023],[-80.98164580218096,-2.08725804208062],[-77.36486153598527,-8.7589630296587],[-81.38879120847282,-10.396802049309821],[-80.69100290522778,-12.72723035773363],[-82.27434261395769,-14.805593651392284],[-80.87372348848805,-12.298983050253332],[-77.8798698306052,-12.153551855716048],[-78.29216238102431,-3.2738649569574267],[-85.55783439496345,2.75472537251059],[-86.17667439553762,5.1992420988098],[-90.96503177330302,7.106410802567594],[-96.41131365664418,9.096607327936912],[-98.49100334188603,10.633099247224816],[-96.21342554283468,17.518608559825026],[-94.64513700384981,18.739100276766052],[-90.30975620185461,18.010851760408066],[-85.53733513874076,17.311609150297805],[-84.4731370146575,18.17268475767066],[-78.1744422466972,21.84340132915571],[-75.25774214054863,23.01354339772182],[-76.41879364130739,25.52499084368737],[-78.12320406725942,27.368471451834555],[-81.48701112396479,28.67620188792734],[-89.30124707950735,29.337257693830185],[-91.29746004562725,30.592438624014903],[-93.85635615678363,29.119113803060507],[-102.03472188087582,31.573747735712235],[-104.98323471544133,29.47383252770782],[-111.45570496001874,31.35242010886282],[-111.46605365623769,33.41833534341511],[-104.40682480038213,37.99255671495297],[-98.81874833427472,38.782650764143185],[-94.68992221218734,37.02121543232134],[-92.31839721793898,35.244778545488956],[-90.4756497739763,30.52831891561815],[-86.75746366134528,27.670738541392687],[-78.61853779130871,26.693058005455768],[-74.15195465812515,25.540710568927935],[-76.15869342919903,21.863582354478304],[-75.77715646124548,20.386191117104495],[-74.18242473912736,18.812046529351697],[-79.74862028706349,12.797367241247178],[-80.12749103051985,9.998318753622378]]},"properties":{"name":"FJF Casino","type":"circuit","stroke":"#ff712e","stroke-width":2,"stroke-opacity":0.82}},{"type":"Feature","geometry":{"type":"LineString","coordinates":[[-108.65001948340687,0.45098882066300305],[-108.65001948340687,0.45098882066300305],[-112.09197588650136,-0.5163602612950875],[-112.08201207904747,-2.7957951243668244],[-111.08360244566578,-4.745045872700956],[-107.31984567653552,-5.386331961004096],[-108.05346376126055,-7.5548769051430895],[-106.43786806832924,-10.060421433988731],[-102.84609566446368,-11.466381332382339],[-102.15236843080474,-13.990368283826244],[-99.25470091414631,-13.921648353206765],[-97.31608520061368,-15.321634273775713],[-94.73139955958617,-16.268211007538717],[-96.431911201025,-17.44114741422421],[-99.90936788895785,-18.513304965801467],[-100.40329057997587,-21.6992830724147],[-97.7435336972538,-21.6545310594298],[-88.61954014537322,-16.89108489182859],[-86.84463820857098,-16.822716848989465],[-85.1489808896616,-19.57251966396457],[-85.55701302468518,-24.036148391491466],[-88.37620310247151,-25.729119028536246],[-88.43029727102315,-27.23702298657866],[-85.28822156700232,-27.890325401510452],[-78.5003325438384,-28.024653914455598],[-78.233260841596,-25.318466030562313],[-77.8790153323473,-22.72003174317446],[-74.50983481374222,-21.64573744808503],[-75.41898676936319,-16.091374482044493],[-75.53464599821565,-13.394611498613925],[-82.66775538893897,-11.081208408665555],[-81.28714260922447,-10.655515055806289],[-82.01085194875789,-7.996552936881768],[-89.00150413593906,-8.86791080319851],[-93.37617121625833,-8.424521131379029],[-94.65020067844374,-7.041711990997982],[-93.55537635706925,-2.428036485136545],[-95.29519828056394,-1.8942463796747209],[-95.28067233640418,-0.34373258095368087],[-95.21699643497286,0.3769193905347308],[-95.5357027966679,0.08038272412914083],[-96.27414773873527,-0.5198615551184727],[-96.7288940963905,-1.1934359794529819],[-99.6878317360332,-1.1555957836218624],[-102.40572762728536,-0.2549403636034757],[-104.61203480686731,-1.068837384911042],[-106.07814573263288,-0.49700801805787265],[-108.65001948340687,0.45098882066300305]]},"properties":{"name":"G Street","type":"circuit","stroke":"#ff712e","stroke-width":2,"stroke-opacity":0.82}},{"type":"Feature","geometry":{"type":"LineString","coordinates":[[-104.93325942950315,33.563935794657354],[-104.93325942950315,33.563935794657354],[-106.79793085686937,36.463331795157124],[-111.77009094040284,32.95463709802179],[-111.34640787665448,30.29503839119672],[-103.43002932322081,30.903192727729984],[-92.49321114423904,29.284974036985098],[-90.95068688930759,30.360215025732316],[-91.57210420098103,26.072147298594068],[-100.0080117352552,21.82112580899123],[-104.18313097856297,21.21721173976865],[-107.19945348256076,23.092791311053254],[-107.99044731010429,24.582543646264725],[-110.84760902894938,25.04946946758193],[-114.63972184924916,25.30748199132123],[-117.77879965755396,26.751652364702593],[-111.23378467820802,28.584754408030797],[-111.92138532665153,30.202360287242083],[-121.11830446824925,29.293471680801925],[-127.85552183072868,29.633312725697643],[-129.9242422640904,30.59034024356707],[-125.61908985112265,45.025810804672936],[-127.35551151867332,47.74892983657373],[-124.6090810766787,48.262982384261036],[-124.62090062634942,51.81449963849789],[-130.83790434284433,51.66424378927835],[-128.205341379211,49.69977891636269],[-127.32475840772494,48.09810843848202],[-123.94153557024573,48.093044083604866],[-115.66918498099392,45.74396807402138],[-112.99645372723116,43.61021318251434],[-111.12746755773966,45.23928098339359],[-113.60107344436516,47.20936108112133],[-112.4490460648555,48.71596939730872],[-111.24558980741202,51.75946745314428],[-108.43188681317677,52.83019921612548],[-108.65543098935316,55.135796693577255],[-106.66950015189087,56.189923668624246],[-106.65284307851145,56.6347671936817],[-98.01435026002997,56.411408709424684],[-92.72415489688537,57.86656374431362],[-89.2088947419728,52.240349874669135],[-83.36625751452563,49.86897753218203],[-82.98955386229876,49.083812847553624],[-85.16010970490481,48.56945223326916],[-99.87740873840231,45.52945094412241],[-100.43006453057981,44.2722158204061],[-94.6873335466173,41.22335782244927],[-92.52446363435483,36.42354056656916],[-93.1130417207163,36.38762853420416],[-98.33726415011509,38.67526886153753],[-100.93072971720464,38.5594607040729],[-101.30394610482877,35.70990670652239],[-104.93325942950315,33.563935794657354]]},"properties":{"name":"Galileo Touge","type":"circuit","stroke":"#ff712e","stroke-width":2,"stroke-opacity":0.82}},{"type":"Feature","geometry":{"type":"LineString","coordinates":[[-78.30157161979784,14.46352985478329],[-78.30157161979784,14.46352985478329],[-81.19129187713455,11.281394096838682],[-82.88949565187289,11.831998073338728],[-87.03963506520475,9.424899558579424],[-87.21752386595936,6.709725934094444],[-90.33018553619921,3.472501710352198],[-91.58762520926749,2.620900806976227],[-99.11549428173825,2.1120731161140807],[-100.91152052592332,1.1697523142403892],[-104.80357151278109,-5.166011445257894],[-105.20477716537651,-13.756061042834853],[-105.41172381583013,-13.679819544987103],[-105.77684195354138,-5.1765745811927],[-105.31137777063333,-3.134169952190911],[-105.12876223536071,-5.165952445383727],[-104.87859476604609,-8.212520990561332],[-96.36340803790233,-11.194593524398078],[-94.76184909613136,-10.525047903083072],[-92.91548803290573,-9.692723737013635],[-91.70945428777556,-5.819000676295392],[-92.5465399960199,-4.596693442572516],[-93.43642073340669,-3.6737619196726534],[-93.48046753454983,-2.4246433439261867],[-95.56341581191884,-1.7673052546752306],[-96.57456666673703,-3.0606400669790403],[-98.93614885399766,-2.252654237361069],[-101.84892570974031,-1.1570898912767795],[-101.70879352963463,0.40499126349994974],[-101.56016543023155,3.239087690133063],[-103.86111636905608,4.309559823585109],[-109.29443240107229,4.822391780570756],[-110.00524695727474,5.630710842207681],[-110.72885157112619,5.971373440452816],[-112.29363477218385,7.261816090504457],[-113.35959900277355,9.161535127886577],[-113.0609941997732,9.819831448693524],[-111.66950143942032,11.157753298308014],[-110.19384952134698,12.503002120026137],[-109.5201826397678,14.405030583621816],[-105.71746814256632,14.365214742324135],[-105.07097822221657,13.404626352144025],[-104.44345809385703,11.639018273240147],[-99.19921837810125,9.918801842279983],[-98.44147900251295,10.743837362714824],[-97.21123174111378,15.012765178928252],[-96.3347977701676,17.501195498572322],[-95.0378620971021,19.466479341389867],[-92.16421109248064,20.255373886729952],[-88.76674741673271,17.90645223105516],[-88.18922740516854,17.38430486007765],[-86.25117048159359,16.70173565340359],[-85.6201383740793,17.07532526905443],[-78.8486622668807,21.92001086955779],[-76.96203005209101,21.360003157822224],[-74.29770095125724,18.946341985910706],[-75.26169085692884,17.45089112343463],[-78.11688118371178,14.667992961702529],[-78.30157161979784,14.46352985478329]]},"properties":{"name":"Gambling Addicts","type":"circuit","stroke":"#ff712e","stroke-width":2,"stroke-opacity":0.82}},{"type":"Feature","geometry":{"type":"LineString","coordinates":[[-46.15543794501382,72.21671923276276],[-46.15543794501382,72.21671923276276],[-48.3336634051205,71.43993166851536],[-48.18808064393188,69.75670237873815],[-47.64282681597988,67.91139895711414],[-55.04615847978312,65.33616173579776],[-56.12073341085672,65.16948184847452],[-58.262487214208285,66.38097040853596],[-64.4356848015448,64.92173405878573],[-65.02713761092622,64.4900156092632],[-62.13575992632037,62.193454923777416],[-60.61878956734148,61.25345075977323],[-57.94014152669156,61.22145372309076],[-54.261752999079086,60.86805010558433],[-52.50256228646049,60.65352639392176],[-51.5640942367707,58.45014988293184],[-53.381812442541396,58.25426663850153],[-54.25822021065273,58.04045375480712],[-58.31425616113824,58.06358312028962],[-67.02523467833858,55.673744663748835],[-76.34488195977531,54.904301757161775],[-83.23617912531478,55.027627013988926],[-91.20892048046099,54.35749799227838],[-91.42997760452175,53.87557634529924],[-86.59763344197475,51.00321851511046],[-83.3292899009127,49.838909370489766],[-83.98891223523714,48.59791220016788],[-88.53935578268991,47.94864170183346],[-92.81482039781464,47.46044984825258],[-98.05982802654559,46.243362243965734],[-100.59823074150529,44.98093303377412],[-101.80478536779576,43.84263094329991],[-107.53137937021268,45.75515616405423],[-109.96723887115212,42.55399659859597],[-112.00533919205805,42.61717341506987],[-112.96752652491288,41.23607690859621],[-115.06001068039316,41.73847527094194],[-113.33323467906618,43.662716716848514],[-118.689742947678,48.76844521549636],[-123.881741655627,48.342954540356665],[-124.25037414934269,50.497919490483106],[-123.1590449455643,52.81142202925458],[-128.39944056611168,55.748854020340175],[-131.98720167417065,59.75784238756383],[-134.22844353131475,60.37883521774731],[-135.33217183335887,60.84398726563542],[-134.60770265703906,61.647648020430495],[-136.36766410369978,62.05197597799867],[-137.74499984108704,61.47447280068201],[-138.57583173572456,61.59501889179538],[-142.99573982816287,62.09662782388918],[-146.27912173738355,64.61150397161691],[-146.0922530889345,65.58896561674302],[-141.81769958081202,69.32358848698303],[-137.70586484448435,70.77712066384716],[-126.50190977476257,74.0406446338353],[-119.90062318784973,75.40599852181161],[-112.81301699157527,76.55281734956797],[-111.52899620641557,77.73607181692508],[-109.9589564698907,78.77674664370146],[-108.12044007400205,78.79653920136552],[-106.09553863247845,78.87639148445687],[-103.43459793857797,79.42233914799739],[-103.61389640197372,79.56076176142601],[-104.21540070904263,79.77179526863823],[-101.467619605029,80.12767667037382],[-100.49567267274898,80.31769230950432],[-99.64377319105151,80.17484344773577],[-98.29723007125544,80.32426456199106],[-95.88624236953999,80.72860482627685],[-94.93065920083447,80.64054266699715],[-94.3897978556641,80.55222959321183],[-91.84786061206832,80.6215268224587],[-77.33308580282733,80.35681332584248],[-71.53528897697471,80.36456739292562],[-47.34273899849381,76.40546466794306],[-44.135557837710756,74.51006802494472],[-41.943693834322076,73.77041886550211],[-41.872914091922176,73.50582073478039],[-46.15543794501382,72.21671923276276]]},"properties":{"name":"Grand Prix","type":"circuit","stroke":"#ff712e","stroke-width":2,"stroke-opacity":0.82}},{"type":"Feature","geometry":{"type":"LineString","coordinates":[[-101.98014384045648,38.48732062996625],[-101.98014384045648,38.48732062996625],[-100.38894735643699,38.80170932180559],[-97.4852918968612,37.80963406266237],[-95.44642714392425,37.02613893682925],[-92.42195860148274,36.43033665548459],[-94.27572095419117,39.5322006504162],[-93.50684605340973,41.24550809576264],[-84.90330607924288,42.915212213526885],[-78.38725121030946,42.10348827189215],[-76.65196518389958,40.14864795208673],[-73.44368929534943,36.06634013167918],[-74.33603678471306,32.54256664367101],[-75.72031858101434,26.584897457464947],[-74.15887968490011,25.553798968531872],[-75.2947992620785,23.236958145098797],[-74.85734278434651,22.413599263378522],[-71.08424362899353,30.425527916217817],[-71.39642483992029,38.4198193708624],[-74.29203310279831,43.68322641267987],[-77.56553020386012,48.12645999868138],[-85.09128102876724,48.579236967474316],[-94.24544822128426,47.535534915238586],[-100.80563410849457,44.28789700946081],[-108.35550724098583,44.50548726083164],[-111.81957105082,42.69186488687899],[-112.93223131930526,41.227492775144896],[-115.04278385264436,42.15146886242519],[-113.27402466441688,43.61986626788168],[-116.39687518344735,47.10323499538038],[-122.50469219135407,48.41827550958353],[-127.07707916847166,46.730626318362184],[-126.93502677513902,38.64638702418111],[-129.7535453140739,33.54436437313278],[-129.282929713259,30.0871353799422],[-126.19766296200626,27.583011423807754],[-122.6474884193561,27.612597981504578],[-119.70396217261221,32.274663328397175],[-115.4299024295092,32.306949384820584],[-112.455716511142,29.966500524499928],[-111.58767887496761,30.436194996568503],[-111.70907361649539,33.175979259121505],[-110.6040497414063,35.357259466160286],[-108.53980049524738,36.04340057448267],[-106.1512142811981,36.956722154461175],[-104.40575291534086,37.98078997159766],[-101.98014384045648,38.48732062996625]]},"properties":{"name":"Hangover Hills","type":"circuit","stroke":"#ff712e","stroke-width":2,"stroke-opacity":0.82}},{"type":"Feature","geometry":{"type":"LineString","coordinates":[[-104.80293000193272,11.97707380247182],[-104.80293000193272,11.97707380247182],[-111.05167707220633,11.671426160600463],[-115.20708426809033,9.56229451732327],[-117.48698480772043,7.751174654403747],[-117.61185099954913,7.241598438913722],[-118.00070101492551,6.208231508876613],[-118.2345820574989,4.699063054244842],[-121.05322510816646,3.839282641887465],[-122.337181020727,3.7728429270963826],[-125.56143221323973,8.91805466430727],[-126.9861267267338,9.656051449891827],[-128.97861681566636,5.790222966903765],[-128.82019272354725,4.672444243040095],[-130.18058007472428,2.88314534506336],[-130.9756641704984,1.1110783942010887],[-129.4309869463059,0.9405517174640092],[-125.95422413346897,2.554233778856007],[-125.3093790231521,1.6067573370260178],[-125.17554478113462,0.6006936284846844],[-127.67153121746304,-1.672216158771544],[-125.14957055602363,-2.458935884034023],[-121.12806205826044,-0.5595696910530421],[-119.17078165498455,-2.900867350052982],[-117.63502621635288,-2.3784543008165784],[-113.25908376229832,-1.2084773851372557],[-112.11544902347734,-1.549574797437014],[-112.1046073119621,-4.032572400719447],[-113.14111431772834,-4.661682964294062],[-118.2958526383536,-5.767884779009343],[-121.203934641321,-7.495944135244841],[-124.55645648037756,-7.4440530534332225],[-125.05224163954001,-6.1222373219030715],[-123.31818252787404,-5.489236635589002],[-121.52127530803125,-11.938172178251344],[-119.11473359881717,-14.106885607613298],[-115.5995825165638,-12.138830840448003],[-111.59676921338607,-9.806575795679143],[-109.789778877116,-5.7084415450852966],[-108.59535723564359,-4.776084530655815],[-107.14600599900268,-4.009866201306409],[-107.5744858190856,-1.1611951849222315],[-103.79617379523135,-1.1545130124273584],[-101.72666988188473,0.3717114655174214],[-99.74364458564526,5.756704184584469],[-97.99890255114562,6.8438728243881615],[-95.05683962481329,5.711368681641152],[-89.2162941478179,4.123593386958227],[-87.15260951080934,6.590529500080288],[-86.66287377093438,9.813998541366484],[-83.59718408981229,11.742882622249871],[-84.77853281695988,12.886369570698928],[-87.8771172674371,12.141642850197972],[-90.6409180162483,10.090056117231558],[-93.42040602252118,11.03161400307827],[-99.02679179976649,13.143370212016912],[-101.9099872807209,13.888251171240292],[-102.30854607258424,12.140340828087837],[-103.11701623396125,11.410281927340723],[-104.80293000193272,11.97707380247182]]},"properties":{"name":"Hidden Gem","type":"circuit","stroke":"#ff712e","stroke-width":2,"stroke-opacity":0.82}},{"type":"Feature","geometry":{"type":"LineString","coordinates":[[-75.56030190164014,14.361042605493312],[-75.56030190164014,14.361042605493312],[-77.32358144280803,11.708454804432609],[-77.12395173494241,11.087630795758992],[-77.20372179400161,10.524917370059214],[-76.6815023519029,9.95283435291098],[-75.68419626126814,9.055536084887395],[-74.7583605007061,9.230256688761063],[-72.6253248287664,11.240990780174993],[-72.33978285441799,12.18425449409788],[-73.46733801140128,12.803619449399969],[-73.6655276663625,12.437042545714862],[-73.99186025749941,10.821918633691482],[-75.71034933770372,9.899058455274167],[-76.32168147622208,10.62115171997891],[-76.51543528930142,11.175579637699697],[-76.34190842833853,11.939582304873202],[-75.8615794043084,12.63806481368277],[-75.43403198340093,12.9675598605496],[-73.98508300841979,13.74258162173636],[-74.01138254581788,15.252056542604794],[-73.78827291725182,15.67632491099074],[-72.83722963041085,16.639040848218812],[-72.78286716239712,16.069479654240915],[-73.31696621717842,15.178111420786657],[-73.40193613985927,14.637001034346962],[-72.86539117653395,13.873048440930269],[-72.70639900296787,15.129426386949127],[-71.83876040119335,13.936127903418836],[-72.16748695237449,13.27332703588387],[-71.2479742804455,12.971394086008308],[-71.93365035864079,15.204001045896053],[-71.7215599939253,16.28180193955341],[-71.99888816794467,17.159845357549635],[-72.96926378327045,17.599556733855565],[-73.62974150048707,17.273623026038766],[-75.56030190164014,14.361042605493312]]},"properties":{"name":"High Stakes Raceway","type":"circuit","stroke":"#ff712e","stroke-width":2,"stroke-opacity":0.82}},{"type":"Feature","geometry":{"type":"LineString","coordinates":[[-120.09626775116982,54.32741154191069],[-120.09626775116982,54.32741154191069],[-124.18837641717703,51.61439620422145],[-124.97763233772177,48.133212802989995],[-127.46097739278314,47.52628545780495],[-128.97966809205613,36.551066570756035],[-135.3862267534122,15.772663839044492],[-128.7738899797148,8.156733355467312],[-132.16339636646788,5.231804911436981],[-135.49901518080597,7.752936837554054],[-135.71984574337523,5.227751340157356],[-132.97138377534063,3.204207343938611],[-132.20497452165745,2.9863298222656702],[-131.09584769370534,1.1035788541196627],[-127.46858135530628,-1.0172042077391765],[-124.20875346840614,1.132198338357739],[-118.95778369211611,3.890884440660992],[-117.20115417240793,2.9647937264314113],[-116.3366846931328,3.2240524003454514],[-115.41166728753778,2.305854537784917],[-114.15928066264857,3.0961626869912777],[-113.88369369860081,3.8394221046153714],[-113.07077983785071,4.005893141211913],[-112.32237288143888,3.724677305414934],[-111.72606748456354,4.939790089838495],[-109.4591909474162,5.336328977900353],[-102.25621146759994,8.609599755714068],[-95.62661682490682,5.909688212214085],[-89.99320676491207,4.0223423748654845],[-87.55840094177964,6.065024504059856],[-87.43068795073744,8.997124233302102],[-91.44249682833347,10.603151392938825],[-89.81496172109044,14.956107200166768],[-88.68514239109349,17.959624097770757],[-92.40690172466024,20.532244976657125],[-90.80225101054569,31.1527163574215],[-94.30953453426669,38.994729057119116],[-97.0856494854751,42.395464174381914],[-100.52333443343298,44.91649171807755],[-83.04775397404877,48.85763255327822],[-84.21280441073648,50.19983716588283],[-91.75490107932407,54.229691392954095],[-99.88459475844851,56.63659454377641],[-114.03272840970433,55.62324476093865],[-120.09626775116982,54.32741154191069]]},"properties":{"name":"Homewrecked","type":"circuit","stroke":"#ff712e","stroke-width":2,"stroke-opacity":0.82}},{"type":"Feature","geometry":{"type":"LineString","coordinates":[[-94.24250758310242,-4.28395514387007],[-94.24250758310242,-4.28395514387007],[-88.89150940588506,-5.174521749069321],[-84.8326386928288,-5.063021586624526],[-78.51207049517262,-5.197392330549228],[-77.36021486291523,-8.030375191789792],[-79.25038121868582,-9.602358430934212],[-81.52438962711119,-9.943192508740696],[-81.64113225191866,-10.832026674266176],[-88.89885105860574,-11.551982220513358],[-93.16823947730869,-11.173594371759412],[-96.09465861732579,-11.388564360486493],[-96.30382263444103,-15.036974972099896],[-100.12752426198702,-15.353975164417173],[-102.83800789022007,-16.817274305844357],[-104.40229396198907,-20.46057982140495],[-105.86671243275245,-22.73602722960596],[-107.43417549860236,-23.298803150388487],[-109.72275208359954,-23.352771249654282],[-110.7830522214921,-21.498546806263583],[-110.9005614044591,-20.282937758201307],[-110.9517388603547,-19.296154369244086],[-110.11468480625769,-15.496445248022374],[-110.96598630594137,-12.240461451550376],[-112.6834086586765,-9.872196010629503],[-113.36591189351492,-8.077124018412407],[-112.14521887539424,-6.598323793836418],[-111.84090869794271,-4.780837068559862],[-109.88515300213076,-4.281410917250817],[-109.75899818443956,-0.7327927819940836],[-109.43768077503533,5.316131848524858],[-105.70471084339533,7.813825100567494],[-106.53369516039338,9.790501278866115],[-104.76766078576871,11.693321988849457],[-101.87750552230906,10.76434223957479],[-98.59182751249823,10.204995039113246],[-97.69664565359298,12.40313075416466],[-93.47265868137804,10.9130145745792],[-88.7326650841931,9.076064508437543],[-87.15948337954175,8.332044702500832],[-88.18136041301229,5.484698713906025],[-91.58804615143461,2.623856470609617],[-100.73558464581407,1.5528492172516213],[-112.15255282778469,2.082480430896286],[-117.9335434250604,0.7457145462471537],[-120.72990022083768,-0.6694186902477224],[-122.68113539421404,2.3122584073495567],[-120.92462838670374,3.6599164214309408],[-118.95285207813765,3.834202180057483],[-118.09805133466494,2.7075133893022443],[-116.05734507863556,3.53718572290893],[-112.95904461963157,5.557572160373223],[-109.2892369791035,4.5205304000323325],[-105.4367857487503,4.275602428993102],[-101.94165185837315,3.59525252838241],[-101.7835132742409,0.8350158467617756],[-101.90268143547588,-2.0255149964114487],[-102.7890339631669,-5.311955917559555],[-97.49565752555816,-7.263276544155534],[-95.33325090718718,-8.274328987172401],[-96.39197670274366,-11.221095346031136],[-103.11157139850987,-11.940352017200068],[-106.06702445515027,-12.908222356879898],[-106.04753677440219,-16.475864565341595],[-102.61009521996918,-16.01135297690005],[-103.07738440616265,-10.663497054159476],[-107.80832821554004,-8.982044652824237],[-107.14881242746395,-5.151035896447148],[-107.55360282700752,-2.949855642402806],[-107.78601195595803,-1.2073965000866487],[-101.05151276375861,-1.9304552976708376],[-94.24250758310242,-4.28395514387007]]},"properties":{"name":"IDK","type":"circuit","stroke":"#ff712e","stroke-width":2,"stroke-opacity":0.82}},{"type":"Feature","geometry":{"type":"LineString","coordinates":[[-79.02082899643143,-33.445626748848156],[-79.02082899643143,-33.445626748848156],[-78.6273479240326,-29.36472782319686],[-78.08065121302863,-28.452655420159076],[-74.53738147498402,-28.449308210779392],[-69.42111777900692,-26.656726371400758],[-68.89708949313817,-22.180729245108424],[-71.37903544950163,-18.068987240115014],[-74.52590336455708,-16.44619062490022],[-78.78537004722268,-16.42525571445347],[-82.98384739695393,-16.41642797317794],[-88.24491980015135,-16.407311796192424],[-94.16644230467124,-19.724411425006984],[-97.9789922709798,-21.6474026968772],[-102.52408690388437,-23.711871053311967],[-106.89097582928852,-24.92395658523165],[-113.65802385672536,-30.744538802526698],[-119.13030840726275,-37.93191791878998],[-117.8771548055022,-39.07831725903297],[-114.83267571054104,-38.159555489613275],[-111.3263519981519,-33.46548231212357],[-110.98143705950054,-32.784323570685196],[-110.98121481849458,-31.983565988294473],[-110.05369949966835,-31.880693750100356],[-108.81818456064522,-31.01816103904315],[-107.54286962435933,-29.748073252710626],[-107.08972935905489,-29.459510170654156],[-105.95636677752788,-29.728311020219124],[-102.47190902051375,-30.392894650673462],[-97.1080970052954,-28.742702530362457],[-97.5408468257246,-26.733687959329757],[-100.49562599111306,-25.843790056292953],[-100.55986348755398,-28.210974835312392],[-98.63316415529668,-28.15538279639179],[-93.6816237509866,-27.7781239954841],[-89.02816618132135,-29.686606291823146],[-85.50195854002675,-27.92309808761039],[-81.97642973088678,-28.416175750677283],[-82.89602145017702,-34.43918894895474],[-85.26005798881704,-35.34033704882874],[-88.58314701181348,-34.322545064262314],[-85.67493761187421,-36.716771598142216],[-83.37481277067707,-40.10721057866634],[-82.4187365854355,-39.200009960593285],[-80.75622174560337,-34.694987692007885],[-79.02082899643143,-33.445626748848156]]},"properties":{"name":"Industry Standard","type":"circuit","stroke":"#ff712e","stroke-width":2,"stroke-opacity":0.82}},{"type":"Feature","geometry":{"type":"LineString","coordinates":[[-77.49591706246912,-47.775182742326884],[-77.49591706246912,-47.775182742326884],[-72.25936389720337,-48.028244751437384],[-71.99731794303,-45.8033878788522],[-72.68715428453945,-44.48059496772352],[-73.92338541524796,-44.98954774623524],[-74.53958264701669,-45.611304997353464],[-75.59792267626952,-45.2523832007148],[-75.4090113254633,-44.150698213478265],[-73.25507518476763,-43.88853010797034],[-73.48641226699583,-42.53813540438586],[-78.35431819037758,-42.530107284044234],[-79.58115979775246,-42.752244042164804],[-79.5853023202282,-45.11987625964717],[-80.887628228805,-45.56045702010253],[-81.56550988864984,-43.92336415414695],[-82.36060871787369,-42.31413788789919],[-82.47153902811434,-37.41722312109272],[-81.43594122619423,-34.66521052972931],[-79.15822363109407,-34.602579060974435],[-78.79281649190808,-30.94580997157655],[-78.3472620255191,-26.781898608637697],[-78.07099355290183,-23.623744880052996],[-78.3926188102507,-22.498817168008614],[-80.33665013426376,-21.310970848098073],[-80.84929814216565,-17.382213142016568],[-79.40880107515,-16.687226593935172],[-72.90965288656511,-16.58639429136091],[-72.23086571389494,-14.28414770812964],[-73.99159844112292,-7.4304698515659595],[-73.90740712321946,-5.5037082735549845],[-73.29050090908778,-3.4775653352814935],[-73.7491174820375,-3.0915528239689607],[-77.56371986269203,-1.3845741225582717],[-79.66451666788684,0.6932137295186998],[-78.97939045873451,1.8883533844825635],[-75.62650458042667,4.769819483878465],[-78.1637723096138,6.140089551576546],[-81.91052055348159,5.151036869803167],[-83.82871425447924,3.735518573215993],[-81.84187833379366,1.2589919602146153],[-81.74666947741684,-6.605824286310526],[-81.33224125078075,-13.478745644228228],[-82.3387925188643,-16.41040752344258],[-86.42917481693827,-16.060410194588414],[-88.59497582880125,-13.027448991085082],[-90.8970320864563,-14.900944429485223],[-92.924245134775,-16.26319676440548],[-95.877636537516,-12.857381998304708],[-96.38392975413636,-11.218496719017397],[-103.10559162642075,-11.93811278163419],[-105.8832771158372,-13.025452535115418],[-105.53409631820536,-16.967101466441783],[-110.2120031369273,-21.48325357878707],[-112.00725545727182,-21.63952908584006],[-112.43545985278544,-23.06949918056391],[-111.8462545587012,-24.401122130959656],[-106.97561242668591,-27.717835280743493],[-100.69763730365918,-28.878557064081605],[-93.58359118987171,-27.80541468118774],[-90.0586511843567,-30.309245696298035],[-90.15690668276734,-35.6669453600089],[-88.40751034479693,-35.683668956606695],[-84.27042366567592,-38.82995465224495],[-82.67868255442217,-40.634678392630576],[-82.65389630345344,-41.997139497035405],[-77.49591706246912,-47.775182742326884]]},"properties":{"name":"Jetsam GP","type":"circuit","stroke":"#ff712e","stroke-width":2,"stroke-opacity":0.82}},{"type":"Feature","geometry":{"type":"LineString","coordinates":[[-78.2421700849542,-47.78082497094192],[-78.2421700849542,-47.78082497094192],[-75.44455472945607,-47.82199851172912],[-72.09689120089713,-47.94378434932244],[-72.09676914042305,-44.579775493257635],[-74.12350840997517,-44.86058412453592],[-75.57508015068655,-44.6377574719101],[-76.19635764288572,-44.07183324759593],[-79.5599688982019,-44.31729541362112],[-80.21086022154185,-45.61052984385303],[-82.3607347999548,-42.31058004034999],[-82.53650746456171,-36.5924048711718],[-80.63101339640149,-34.68429843248261],[-79.03213178358257,-33.68741023198171],[-78.42527611481223,-27.361056796654054],[-78.79255633661063,-22.580052421003806],[-80.37963681465956,-21.049432665965497],[-79.62222881710015,-16.541498593244754],[-73.32374644906517,-16.556793249502526],[-71.39624979315121,-18.458077473020566],[-68.61969209929357,-24.568149661596898],[-74.4353812446574,-28.31451991095721],[-84.54652798078521,-27.76821742859397],[-88.86004596327648,-29.262198264543557],[-90.19316057678328,-31.03893925170545],[-89.7291770875891,-35.56293513514047],[-86.85231372736462,-36.17575779072738],[-84.2442358644355,-38.78756079215789],[-82.66223176751552,-41.68819761798798],[-78.2421700849542,-47.78082497094192]]},"properties":{"name":"Jetsam Joyride","type":"circuit","stroke":"#ff712e","stroke-width":2,"stroke-opacity":0.82}},{"type":"Feature","geometry":{"type":"LineString","coordinates":[[-84.18568209992176,-21.727136767853466],[-84.18568209992176,-21.727136767853466],[-84.11282069146986,-19.245707212450817],[-84.2780968835384,-17.824800707398964],[-84.37678607266781,-14.963348731786054],[-84.87701890871526,-10.036877346967456],[-84.92848413125503,-6.938714566867194],[-84.97752245265063,-3.85579904568732],[-84.97167715521734,-0.9567051430463387],[-83.79376206234689,1.6852759449115293],[-81.29330829389684,3.309493580067807],[-79.1364265694775,3.745129983595577],[-76.58494427224015,5.034125384057152],[-75.92400143659978,6.925203878294282],[-76.73014067939583,6.080876912720141],[-78.80228183252444,4.347467819109006],[-80.69593127089956,4.000822813538618],[-83.46458914913619,2.9371720825969856],[-84.73878670667848,2.244484702591567],[-86.03970118945129,-0.5390315885704364],[-86.31311870928968,-3.3442505254940205],[-86.40005115823281,-5.7324330113818895],[-86.30825628172114,-7.8931988735305545],[-85.79828822458205,-9.481787841364222],[-85.03759376304035,-10.490502846792035],[-84.52836755910155,-11.342613486180527],[-82.56685130663541,-11.347396700430968],[-81.59965971798428,-11.48130809860521],[-81.2956800288627,-12.980082699338327],[-80.96740643285185,-17.80717196442138],[-80.63692108780259,-21.02586537925695],[-80.95321549550954,-22.70042019304711],[-81.6581791660137,-26.127716246210774],[-80.98851773423291,-28.228735445931775],[-76.6841214177663,-28.40995020543273],[-71.25633610828666,-27.593348990783092],[-68.54321228419718,-24.42385916740158],[-69.06920063935911,-21.817795840210778],[-69.64551423324292,-21.46153477093533],[-72.0044074451637,-22.28871311436859],[-73.56362819497508,-22.018901788788696],[-74.00031570496644,-21.42558816274485],[-73.18856109638675,-20.31717177891764],[-70.9571463676912,-18.763754318365464],[-69.05887399793198,-18.128567928376143],[-68.33027260142232,-18.18124156558254],[-69.94251901276782,-19.318226874609735],[-70.86805182598779,-20.121011275756786],[-73.25532131103157,-21.367933289943956],[-74.08032170065397,-22.819258645184426],[-73.9091039456698,-24.068449721825964],[-76.51021339199477,-24.80417876340188],[-78.33311567799632,-25.70154708716096],[-78.71470991293626,-29.181365523546233],[-79.14940832062231,-31.18095414376306],[-80.12944592235591,-31.307913051932488],[-80.16402527381545,-32.63274449984739],[-80.52711256076564,-33.15938676151166],[-80.64176011184453,-34.13491289535927],[-81.09067819685124,-34.56387008246455],[-82.64827061629896,-36.71814794894259],[-82.69880575493477,-39.44095088444068],[-82.8941342062731,-41.081765161778065],[-82.98791808559228,-43.211967037911776],[-82.58166900111101,-44.85988188959661],[-81.95192592581014,-43.98484534241797],[-82.20859993334813,-43.149096216570726],[-82.41911082940365,-39.45007679573429],[-82.51182733632356,-36.98301194585801],[-84.23206959791268,-35.3676997286437],[-86.69095989979226,-35.47363224864437],[-89.99285671038085,-35.49972886833805],[-90.49266778152295,-35.129325570131286],[-90.03247709715252,-32.35840880121746],[-89.01743611281626,-29.685633126792368],[-87.4591028406943,-28.0853680226338],[-86.45624611511595,-27.475169677290353],[-85.18124926803472,-26.036334471557524],[-84.42467272782147,-23.854428633801916],[-84.18568209992176,-21.727136767853466]]},"properties":{"name":"LS River Rapids","type":"circuit","stroke":"#ff712e","stroke-width":2,"stroke-opacity":0.82}},{"type":"Feature","geometry":{"type":"LineString","coordinates":[[-76.2201168950645,-17.112882309386833],[-76.2201168950645,-17.112882309386833],[-74.86670164080002,-23.03495887209101],[-72.63970837020923,-27.472172153414306],[-73.1051004177791,-28.001010027153868],[-76.70973789559997,-28.3220843263326],[-80.93147781120238,-28.0450887072637],[-85.26469321021007,-27.70571075688955],[-88.3591004117989,-28.74985119848948],[-90.97137614226992,-29.414128750255863],[-95.01274404404487,-27.57758186941288],[-101.23701846567243,-28.90219947513554],[-103.08015507935734,-28.818345006415818],[-104.08397923529765,-28.31215724430215],[-106.33277941671852,-26.189943820096367],[-106.18005471858766,-25.03477377288322],[-103.5134265374328,-23.96487499400012],[-101.74441981616376,-24.54133993268993],[-99.50601931780734,-26.132107547143598],[-98.52475694796175,-29.451944699208],[-101.91833032378048,-30.418920541605758],[-103.28588389486465,-29.758806172073783],[-107.00507659890668,-29.41626382031867],[-112.14873322875145,-25.98351419874512],[-113.69588445852564,-27.18261696523912],[-115.26545767428826,-28.55997536896588],[-116.65024166416406,-29.385506197602794],[-118.30540328560295,-27.943202500529686],[-117.0054362731395,-24.297195896011033],[-111.8014053508155,-19.116083592416494],[-110.36046457196973,-17.428003913543563],[-111.33202618130682,-19.352370297857377],[-110.73650590109179,-20.829768392123363],[-109.97323942449222,-23.329001898878644],[-108.41880974643958,-23.902141882394574],[-107.77041092848692,-23.800679269049667],[-107.05911997514602,-22.992996102766412],[-105.92824842954373,-22.833974497966977],[-104.0561139321878,-20.207445266260585],[-102.68369574984337,-17.535994728477156],[-100.88022513764044,-16.03173491813316],[-97.3719682652001,-15.349406308553407],[-93.4351875117796,-16.253502060612703],[-92.11586644792197,-16.463412125124044],[-89.41967176784615,-13.34550696502187],[-87.21013399529053,-13.280599962395721],[-86.11079869093881,-16.60708893084474],[-82.3847104127766,-16.615749616351977],[-81.20820254961953,-16.20903553618264],[-81.09210509833721,-13.766921184623671],[-80.86298674153024,-12.758885996539947],[-83.20134340200929,-14.10056638024947],[-80.87399365828493,-12.311493788897367],[-76.83165693770988,-13.49725961380019],[-76.2201168950645,-17.112882309386833]]},"properties":{"name":"Midnight Flight","type":"circuit","stroke":"#ff712e","stroke-width":2,"stroke-opacity":0.82}},{"type":"Feature","geometry":{"type":"LineString","coordinates":[[-128.36820299318813,55.73752448702062],[-128.36820299318813,55.73752448702062],[-135.0768090188978,60.637615162659884],[-139.7292988220908,61.92260387283611],[-144.38186774130634,62.5677478558648],[-145.19767872764027,64.12326432406316],[-145.91189122303297,64.4501042811337],[-147.31039013963414,63.61331056121338],[-149.33878975226162,57.982882978569165],[-151.2543899284634,50.718892560744194],[-154.6003495627338,48.47986368838784],[-157.02850722224167,40.59910991984986],[-158.89922792461408,35.935820427761726],[-160.54943923115252,33.47438223070463],[-161.46324681675245,29.959821930216478],[-160.33082132290474,28.87925386093773],[-159.78388130510146,30.009622509285787],[-158.93600121200973,32.59612390973078],[-157.4436554635376,34.5104678922151],[-155.396429362031,36.07305792298051],[-151.7852832885904,37.06754615026259],[-150.53841263777866,38.820658996802244],[-149.72528347229544,39.72311108990262],[-147.71903840197285,41.28584634681256],[-147.0919791065508,43.69261850712762],[-146.82008398569627,45.1731629791356],[-144.1012310711302,44.56247701988173],[-142.28384036374183,44.282661712459344],[-138.12939701521165,45.004054280102196],[-137.01414400735132,43.17784490195679],[-134.61979524295583,43.23781586951648],[-133.13952675875728,43.7037600270945],[-134.16376586837936,45.34406280450081],[-131.06874277454517,47.76420088745448],[-131.14701873809236,49.30813727725739],[-136.1951657099409,49.9958704300025],[-139.00607112079,50.088384033288406],[-134.07947834122757,51.19656707476155],[-128.28886612145874,51.36881306435809],[-124.19793754687996,51.53928273777663],[-127.07068687212691,48.05984310846263],[-126.6412794209636,46.168537587856704],[-126.87037822980457,38.84787787975861],[-131.45175609583902,27.913635865416325],[-136.3616312419582,21.89252701435433],[-134.9216539014508,20.50436761971292],[-134.11397913891466,21.01736384273446],[-131.72179544060754,21.27513057596509],[-129.5299726834373,22.346681980252868],[-128.69400087774585,20.767195638242008],[-127.05905122354604,21.33313059336512],[-125.7047735176195,22.49135284921334],[-123.59096913872847,23.819133992818642],[-116.97828134875988,26.978035302886447],[-111.26475977221406,28.39122746800356],[-111.48185540514855,30.06425768270733],[-111.68564329183344,32.948559668187784],[-113.19888598481033,35.954056205628746],[-112.3651494267444,39.901234789029004],[-114.65119560544633,41.50868563153858],[-113.29597218272967,43.39805669298198],[-110.96042188759135,45.063749794865494],[-113.44409555128874,46.39434585129247],[-112.60747724933275,47.93079885761918],[-113.04705847082673,49.26481765212699],[-111.93032933349573,50.56409165956815],[-109.85021981084623,52.172604965243956],[-108.55861248223862,52.68073660730472],[-108.82151691222526,54.664798054721516],[-107.02395857210934,55.93246565134032],[-106.85339741226767,56.477099949947004],[-112.70847443059522,55.8996204518417],[-116.90768641962762,55.607804784033746],[-121.61377086410748,53.52680979579981],[-122.89558782510258,53.07195261755332],[-126.34956810534518,54.6821278855043],[-128.36820299318813,55.73752448702062]]},"properties":{"name":"Militant Maneuvers","type":"circuit","stroke":"#ff712e","stroke-width":2,"stroke-opacity":0.82}},{"type":"Feature","geometry":{"type":"LineString","coordinates":[[-104.58902360997297,-4.902661781447488],[-104.58902360997297,-4.902661781447488],[-101.55904539969642,-5.632660252539299],[-100.25249544857233,-4.204175182096851],[-98.55653368975806,0.5668045129397079],[-96.2499163340058,0.9916595812828106],[-93.21494505066866,0.03431721143528499],[-88.38370692587566,-1.5240258585973763],[-87.18546791663763,-2.6821282548794656],[-87.4561807873251,-4.423785780560564],[-90.35861174915239,-5.085581415344489],[-91.91312576016894,-6.356611382252929],[-93.33329015797138,-8.394078880062727],[-95.61803288419476,-8.954412573392746],[-97.28682352811947,-10.55596067702353],[-98.69686335654616,-9.469401977007019],[-97.3631604699461,-6.3073906583771056],[-96.36441277793352,-3.1773886598426078],[-94.44990929317711,0.3166928548713077],[-91.43133869501541,1.5761988396323616],[-90.32829603906465,3.4915696290375795],[-87.13715326789074,5.427413803342172],[-80.26330518307289,-2.3748896754100013],[-77.08645602511174,-4.643590546043967],[-79.24788283743419,-4.04366514670858],[-81.6731294040411,0.8499139568731842],[-83.79828632781363,4.199915887786878],[-81.27809636835025,5.220263432814085],[-76.88143683323902,5.588642004834377],[-75.64257459838154,3.5120224494264285],[-77.19142247068746,1.3040828156353577],[-78.33984974775126,-0.41369973676389904],[-74.11584051378453,-3.1904413738504314],[-73.51261658807044,-3.920671874712287],[-74.22575340598628,-6.017961499914282],[-74.4605822356435,-6.980360504675129],[-77.87118653197757,-7.94374383456876],[-80.8706175365323,-7.966662922921165],[-87.52142625799303,-8.663721931078486],[-91.97460976232708,-8.921674465503395],[-93.09393497983821,-9.974125830979817],[-93.52229889509394,-14.833046672153452],[-94.81136665408395,-15.225471504442476],[-96.39201873904493,-11.191980489409266],[-103.11271850583898,-11.937845496554653],[-106.1059437772565,-13.014911732747708],[-106.01327618832862,-16.372373200371378],[-102.67294744484994,-14.330736690528203],[-104.20023727461299,-10.583223515154744],[-107.92708540365606,-8.509974118048222],[-107.23649647476624,-5.330107649038435],[-104.58902360997297,-4.902661781447488]]},"properties":{"name":"Mockingbird","type":"circuit","stroke":"#ff712e","stroke-width":2,"stroke-opacity":0.82}},{"type":"Feature","geometry":{"type":"LineString","coordinates":[[-104.9603220201868,33.502439777874685],[-104.9603220201868,33.502439777874685],[-101.13721914341896,37.76953574157311],[-100.0692483514676,38.86704037731424],[-93.22263443211841,36.32742196658648],[-92.43064202817544,36.43821027171134],[-94.29085869865881,40.595011495334376],[-93.87561921635778,41.14382968629336],[-75.46871046321795,27.0179492957542],[-75.46046549297327,26.03488076414653],[-76.20392153687744,21.861509379292254],[-76.60682906925291,21.082591474825538],[-74.70274372691094,19.399197851761087],[-73.80498952801312,19.979633527709055],[-68.53439365099112,25.66610874675434],[-62.58180471468529,38.865241087533775],[-56.735598203854835,38.49288337708446],[-53.692439974859276,34.70285544025121],[-48.15291213356036,35.05658840478829],[-52.368194230340656,58.42173943413747],[-53.9778786649103,58.60750341850942],[-62.675936813522895,62.7420578621845],[-63.139395561089785,63.27135522891729],[-57.55132606082734,64.68303194126852],[-56.147173449798885,65.19344758940827],[-57.39230172081982,66.06786356812003],[-58.90751294930809,66.23531868656185],[-71.46578431266234,63.5874636932999],[-72.74773753687596,63.50650020137872],[-92.90515190213856,61.05610280470495],[-84.0105324852185,50.07787508736726],[-82.94369303655152,49.243883598277556],[-84.34083541834248,48.581347067221245],[-100.63392970950999,44.84946230494517],[-101.79278419802728,43.855932750345225],[-107.75891742981966,45.61751028260726],[-112.46308406981532,41.55066505924542],[-112.93950495689995,41.23347560909981],[-115.12730168694549,41.910132086517955],[-113.46783429802963,43.257505005806586],[-113.61935291749577,43.920465240266324],[-126.88027030664237,48.09673460283211],[-127.05413705246978,46.707871124408015],[-135.45109421202335,24.76428867163493],[-129.25458386123967,9.227862662475115],[-128.92236640604816,8.175355331369111],[-133.82437043177072,5.887667701788616],[-135.05815511286232,6.450104150219458],[-134.85631018760773,4.327673589080423],[-126.84359558834933,-2.3080627777687255],[-124.44176836128156,-1.9173080908072997],[-121.2960517634349,0.44413249355504014],[-119.20570396034097,1.9310079624742968],[-117.73610476769751,2.676539205734006],[-113.89085316757453,4.57816610532856],[-112.98929558640926,3.9280206889083793],[-111.90012549866327,4.746230832498873],[-109.35528773009285,5.372717563230596],[-102.40789575305553,8.598792083373612],[-99.78132007078614,7.664473445916853],[-90.5645940584974,4.137182838327126],[-87.27974136561387,6.420651147766914],[-87.65930279749007,9.014936766726906],[-91.12546359211674,10.262005345119812],[-91.30614447797755,10.898058955684403],[-88.65735984733062,17.913161359253927],[-91.87354447684535,20.16225153748468],[-92.38571673124483,20.836445824511983],[-90.84670480050858,30.144784315744662],[-91.26836225278946,30.593102812762663],[-103.5711089617217,30.647478164696942],[-104.46398319723059,29.83362684229829],[-110.87640320215333,30.450685168244547],[-111.60666382617349,30.510195376521867],[-111.5071875237762,32.8047916384367],[-111.58189339480182,33.29291780070741],[-106.82597021993848,36.33471552947215],[-106.45605005330799,36.238229348794356],[-107.05889875561643,33.77849424037664],[-104.9603220201868,33.502439777874685]]},"properties":{"name":"Observatory GP","type":"circuit","stroke":"#ff712e","stroke-width":2,"stroke-opacity":0.82}},{"type":"Feature","geometry":{"type":"LineString","coordinates":[[-74.49427253606954,-16.49177432441722],[-74.49427253606954,-16.49177432441722],[-80.26967462060725,-16.539868753533916],[-80.81770230407136,-18.168201059914395],[-82.27487896242822,-22.166614567916938],[-85.6264756465674,-21.73753377917341],[-85.91678164382263,-20.792627194827624],[-85.05119517084464,-19.675738262051],[-86.43419439438021,-16.158973920776596],[-87.11817943903097,-11.96983303728125],[-87.0917464203529,-2.6646594831643675],[-88.75706093424198,-1.4354273092217422],[-90.53536039127766,-2.229015224521387],[-92.5913408724066,-7.903539523651677],[-95.57241003619782,-8.828333507518765],[-97.15371290823157,-10.533237044295868],[-98.82145541659317,-9.810817453871456],[-97.357819079016,-6.314300939916794],[-95.31821758987807,-0.42490978141129254],[-93.8863158025099,0.12183545460709944],[-91.3210733840813,1.1420840333170297],[-89.55314821922579,1.1793944706598616],[-76.9217565029925,-4.492591904378834],[-77.93697195060037,-4.7202611944608],[-78.0401412274365,-6.21356569516939],[-77.59691744598281,-9.114032238790992],[-80.05095552471326,-9.589383241253332],[-81.42067350241884,-11.595161556634645],[-80.86968094795579,-12.742391593560308],[-82.69116874444988,-12.6922707474719],[-82.34957353475558,-11.873512419474823],[-82.63017075665006,-11.094245298233817],[-81.62731741035219,-10.86745749784391],[-93.53216899038013,-11.516427087224878],[-103.10438245931492,-11.600595275761295],[-105.12785379086446,-1.3436634200527457],[-109.75878512069315,2.8541439696222586],[-111.11953951889777,5.10603840673243],[-116.09959368150047,5.861030483173314],[-122.46017881550303,2.7146941379290226],[-122.39595169052077,0.9064188459053657],[-114.30546833627909,-7.228677928176069],[-111.11092761069833,-19.015927506450453],[-112.46254382515272,-22.741731970667487],[-102.58204636290887,-29.184915683140694],[-93.54383255854464,-27.802487147104515],[-89.03572386538997,-29.696036199325334],[-85.29355127335187,-27.906098170442554],[-75.11908376228018,-28.377251386491857],[-68.54252398027037,-24.612087629043714],[-70.6296605885145,-19.55854267362472],[-73.40526040117705,-16.4772841242076],[-74.49427253606954,-16.49177432441722]]},"properties":{"name":"On The Way To Lockdown","type":"circuit","stroke":"#ff712e","stroke-width":2,"stroke-opacity":0.82}},{"type":"Feature","geometry":{"type":"LineString","coordinates":[[-87.10435344292114,-11.690632677024722],[-87.10435344292114,-11.690632677024722],[-88.10909035678733,-1.4367710459896887],[-93.32361908190862,0.17895557847441879],[-99.06440428688553,-0.2540308623781442],[-97.94128135757211,-2.9285745623703274],[-92.72558068618768,-4.961732849361145],[-92.1155601259455,-6.567478180930554],[-93.84809288529378,-8.335359300341876],[-95.79581857001736,-9.075920128390587],[-97.66699407779697,-10.530707976790184],[-98.59887338796874,-9.201078361155522],[-97.84312597015196,-6.13491261603474],[-94.77908915400435,0.436870251401972],[-91.84694207717236,0.5039915615772834],[-90.73768980312597,3.0437743876996173],[-87.54931199957298,5.316921734223781],[-85.50275639474926,4.6529530842247295],[-83.70552648547566,4.301088664802591],[-78.08053201523687,6.0856043772925075],[-76.04226230601479,7.488983070597892],[-72.73060718890548,4.466565875853312],[-71.73101756011076,2.302854564378231],[-71.51196389949978,-0.848190190150186],[-72.91883572678249,-3.0859594112727997],[-74.82089751654506,-4.645108549944659],[-78.9682619609029,-4.350510136609611],[-81.29087183111821,-1.8521615471463466],[-81.80351013145538,-3.081042450045077],[-81.63777610370136,-10.885531628409735],[-93.15418002392404,-11.631600078798526],[-103.20186862543805,-11.615093454154378],[-105.13531458798603,-1.115641884945143],[-105.76790552601928,2.415340486712468],[-109.73637954987754,3.5713729039187463],[-111.738808884332,5.291650516334948],[-113.39900900423115,5.4095510066805055],[-116.89304547543877,3.214981067274868],[-118.8101007548516,4.245391687056935],[-118.91495276943445,6.5830101633176525],[-121.4973813772212,6.480607197025726],[-123.67084287214391,10.397096760179018],[-121.24114874388506,9.745813207307636],[-115.9460065586259,8.952196784205542],[-114.09534263933261,8.140917938340312],[-111.82526680168687,5.084045535750194],[-101.66932194877344,3.3784089656120937],[-103.19754351319922,-1.047400431387489],[-108.20913201514352,-1.4900738913215115],[-106.53028699546661,-4.794137528829975],[-99.52002248833011,-6.504395527371109],[-95.7010056165291,-9.11073715334989],[-95.67102604761031,-14.478984349621259],[-92.21499370580408,-17.007539836529396],[-89.02421120716448,-17.116373279738127],[-86.42751563452651,-15.385831292690172],[-87.10435344292114,-11.690632677024722]]},"properties":{"name":"One Trouble","type":"circuit","stroke":"#ff712e","stroke-width":2,"stroke-opacity":0.82}},{"type":"Feature","geometry":{"type":"LineString","coordinates":[[-94.26744404835173,-5.347804202110634],[-94.26744404835173,-5.347804202110634],[-94.81928730499004,-8.104374259157156],[-92.5789299698533,-8.450115305650966],[-91.15179264780923,-5.172804620134997],[-88.89976894424447,-5.02581283640351],[-78.17269422372942,-4.834821923917929],[-73.69043100278043,-4.572707268632854],[-73.5441099986285,-0.8577329603902228],[-74.05250753320828,1.8835285174356855],[-77.11765417603058,1.3293107263972068],[-79.05549977415998,0.25179913629180817],[-79.01984526775257,1.907860488161372],[-75.73757340075994,4.896101550100623],[-78.13241768990025,6.161116620711178],[-84.12789716454404,4.149758529441389],[-89.6029932968015,6.585869982387738],[-90.46888399738097,6.190610673655837],[-90.21686493924693,4.06320157136949],[-90.78787994915719,2.9935654994028305],[-92.58108570095027,-0.6976511800826231],[-94.26744404835173,-5.347804202110634]]},"properties":{"name":"Poison Frog","type":"circuit","stroke":"#ff712e","stroke-width":2,"stroke-opacity":0.82}},{"type":"Feature","geometry":{"type":"LineString","coordinates":[[-59.41987780840974,66.11373858238144],[-59.41987780840974,66.11373858238144],[-72.73589071044687,63.49294961807665],[-92.8777649094192,61.04674212628676],[-93.16620392137345,57.81919525897964],[-99.02428887936152,56.45291045307407],[-105.7819394900482,56.47247345893562],[-108.56482403159656,55.278267027610816],[-108.31887650815749,53.15717633640362],[-111.54325669116265,51.532147037420174],[-113.28706038533556,49.54764215623556],[-112.70838665578535,47.93177225932772],[-113.76329215198494,46.69821266539773],[-111.09949441329985,45.13202151549855],[-115.2005745563605,41.82798889230984],[-112.63555221686023,40.91726330797996],[-111.34782143201205,32.23995984456829],[-111.37238739839239,30.291279477290182],[-104.2274437851882,29.821894587830602],[-104.04338720974425,29.630502792434488],[-104.98549390704633,27.711811265118072],[-98.19668247074439,23.320533273340185],[-94.73717820075211,26.558629101480463],[-91.30304417841582,27.65415074885269],[-87.48089917498345,28.136102017036684],[-80.82869975740698,29.769672133483308],[-78.65534041375585,30.136223740671394],[-78.05145058499755,24.17899812865615],[-74.6073151552798,26.02141185759522],[-75.97063736147408,22.009238901342542],[-76.60736654789993,21.08882013062784],[-74.19178798442161,19.508777048098153],[-63.42282826502416,35.72169529346018],[-60.15722893418909,40.76961498316666],[-53.71007623507652,34.701353369769095],[-51.728938578020475,32.922213973421584],[-48.028499827555976,35.23823405132743],[-45.63623630462129,50.027980837637706],[-53.70425815048306,58.562268392629534],[-63.14544526487838,63.27686000092313],[-56.21681877476484,65.22656329992891],[-57.74018459780346,66.30772133640562],[-59.41987780840974,66.11373858238144]]},"properties":{"name":"Rags to Riches","type":"circuit","stroke":"#ff712e","stroke-width":2,"stroke-opacity":0.82}},{"type":"Feature","geometry":{"type":"LineString","coordinates":[[-81.03392942720609,10.762364256898872],[-81.03392942720609,10.762364256898872],[-91.6650583111021,15.26877241200307],[-98.833384603777,16.991427857642233],[-105.99758861729703,16.7335257090303],[-111.86118718328639,16.429913763458195],[-116.98994931463454,17.131988597399292],[-120.05682025600875,17.68442668260419],[-119.77040327794214,19.633695202720375],[-112.38500478234079,20.584901023792327],[-107.89590294348841,22.20838276412514],[-106.04619188882491,22.370851235989218],[-100.8729186659607,20.153235130581276],[-96.81548810028673,18.894879066952544],[-94.78898102996399,18.69035060633953],[-83.79842209567684,15.995565528454145],[-81.68370562912426,15.536394938100358],[-78.76643262975776,18.100756354731267],[-77.31162591265019,20.537463545476033],[-76.53572977369909,21.02359855765821],[-75.95200419919492,20.06656732117022],[-87.6761273221209,2.895499404141569],[-90.46041829033206,-2.103384696961573],[-92.72879090087366,-8.351596248394829],[-93.4385322504998,-14.652227114472753],[-95.8048542920307,-17.611692380767145],[-98.96236043200089,-20.995602876610235],[-101.40322239687842,-23.258860224090576],[-106.89306997063721,-24.934343575629327],[-112.16870924738032,-29.655313545754197],[-112.10872715008338,-29.896320848355785],[-111.86500514058498,-29.89803014162687],[-111.13760860222,-29.364880644970754],[-103.18303041757964,-29.036825665619446],[-99.19239844022657,-28.327222799104085],[-92.29709346191166,-28.51566878866911],[-89.2108598259801,-29.86135660846287],[-84.89153091115108,-27.927009161469044],[-81.43220684750028,-27.775357777205386],[-80.3033434811923,-20.397431404949643],[-81.15374406998166,-13.145929244999268],[-81.59671703447574,-1.5490440263932665],[-83.17849626455487,3.397114415015439],[-83.50843359169338,4.463995947142236],[-78.48828020113994,6.684729241751762],[-79.01605588259555,7.852284345653604],[-79.33274311469997,9.632403177082645],[-81.03392942720609,10.762364256898872]]},"properties":{"name":"Redline Roulette","type":"circuit","stroke":"#ff712e","stroke-width":2,"stroke-opacity":0.82}},{"type":"Feature","geometry":{"type":"LineString","coordinates":[[-103.39911681909429,8.30374958954087],[-103.39911681909429,8.30374958954087],[-102.68796250864634,11.272191903633365],[-105.14184502197712,11.495213798548065],[-107.74256786614225,9.237923339208677],[-109.75464331983054,8.590422135373107],[-111.68720212987887,11.37191717953286],[-114.84866149210576,10.087627545608823],[-116.77295547535915,13.454938189153381],[-113.5131834436663,13.666933473995856],[-108.00456186772485,14.735247123708328],[-108.51780434309546,17.015228995539353],[-113.66807913839216,17.565639501120906],[-114.17808541481621,20.447581225265317],[-119.58594210023746,22.691214489311356],[-122.19992675586825,20.854202567393884],[-125.98736856191532,22.002063971205644],[-130.11355293527365,22.126908903439286],[-134.68608198004753,20.46418758855245],[-136.4747060978936,22.127685954282907],[-129.84601597620025,30.297875312173982],[-115.45185500320764,32.38008097746533],[-102.02716104606445,31.464846982151958],[-90.0447635504596,30.442524178263895],[-80.84489899853389,29.755549216304026],[-78.77594528630878,25.697344875866012],[-75.30206319275086,26.094330282405426],[-76.63031625903982,21.107905898777158],[-75.94441504685388,20.1533101597158],[-82.9135068149632,10.178184045711568],[-89.74745477946274,-1.501684867347464],[-89.19042479193938,-1.7294399862904886],[-89.35713166739104,-4.977790125869916],[-91.2025312920091,-4.700682787446151],[-90.47710428563977,-1.1180794201741762],[-98.27836108122075,1.3969438550794617],[-96.31298924617137,6.165310403579314],[-93.11168733751411,5.063018551912694],[-90.55989337374541,5.467066815196403],[-90.48149974274497,6.931081955434531],[-94.06488701524341,8.538799797911654],[-93.44233474064809,11.021383648999766],[-94.87184902702735,11.18157545539815],[-95.9640322360791,8.369482482938812],[-96.79643226169408,6.590865710797663],[-99.61215298535741,7.2437244863932015],[-99.88862493431621,6.4438659192502685],[-101.54161714986842,4.250906617388771],[-103.31922883946814,5.783388634676132],[-104.92114857691851,7.64550979416151],[-103.39911681909429,8.30374958954087]]},"properties":{"name":"Remote Rhythm","type":"circuit","stroke":"#ff712e","stroke-width":2,"stroke-opacity":0.82}},{"type":"Feature","geometry":{"type":"LineString","coordinates":[[-103.35341738080051,8.31023176215978],[-103.35341738080051,8.31023176215978],[-102.42874998947866,10.238082496704553],[-103.697420160063,11.601963128242106],[-105.39490889631821,10.884888487316095],[-106.89414913509307,9.98346472288824],[-108.41988351861431,11.144469611277755],[-108.00425515962228,14.131728920241223],[-107.95400269820111,16.460722507404796],[-109.22200290915167,17.141856648508153],[-111.200951925906,17.562085554744904],[-113.90526563824194,17.768028314097858],[-114.17271945624303,20.428576041288125],[-118.88944311476143,23.06859160274098],[-122.33400711993627,20.851618486423504],[-126.1652587442093,21.985972140759834],[-128.76316632869924,21.70785569762573],[-130.80779137187204,21.537418658367038],[-134.81400267181223,20.520725404893476],[-136.45623667998052,22.182741490365128],[-133.36617595308482,26.116269482218826],[-129.75222983376267,30.263423278809476],[-126.31309551810048,28.02901036572876],[-123.40583928509025,26.39656156910074],[-120.07524554252393,31.02825550118725],[-114.96707380961715,30.751610635408436],[-111.73391141078224,30.175841221076187],[-107.65097673719528,28.91901200970255],[-103.98842199688235,29.711898849919336],[-105.2181419992115,27.279819330340764],[-99.85058509444426,24.19475081910612],[-99.36314208493663,23.41504144352544],[-107.58086722226906,24.214155688696003],[-107.0331008548054,22.62003094047045],[-104.01390722933397,20.975822657186246],[-99.00817288687747,19.918419067466502],[-94.58541376417027,18.749888035347865],[-92.42238748674177,17.944400732453964],[-94.24873422627199,13.129411796426295],[-95.98061106384566,8.357014185731924],[-98.69896612437533,0.9876389136456645],[-98.37446265131578,-2.873188165823148],[-96.83623672951637,-3.766750796126944],[-99.86527960488237,-6.137930110154446],[-105.52155090828914,-4.725332247800651],[-109.38158922110657,-4.356659480213025],[-109.78453394002793,-1.5464931052651796],[-109.7383986818314,3.616056806035232],[-108.84432008524657,5.667984573493795],[-105.75466820348667,7.227781774178124],[-103.35341738080051,8.31023176215978]]},"properties":{"name":"Rockford Driver","type":"circuit","stroke":"#ff712e","stroke-width":2,"stroke-opacity":0.82}},{"type":"Feature","geometry":{"type":"LineString","coordinates":[[-113.81984939216386,10.278866199655322],[-113.81984939216386,10.278866199655322],[-116.39844090605537,8.949250761494103],[-121.63224912558488,6.110005195005876],[-129.03882356753954,1.6221869927412307],[-129.3107727148455,-0.31956008747312836],[-126.5732883001846,-0.3745846072003296],[-121.36640195382793,-0.278992535805882],[-119.41381480724083,-1.5630541741393884],[-113.98181000734475,0.9303502709931095],[-105.80052364579201,-0.7544359070717146],[-105.7587598102401,-8.259113054612742],[-96.72092959571096,-13.124935165606432],[-94.82779845279059,-16.191464168226922],[-98.24473868271251,-20.04261146287108],[-102.96562667720858,-23.817614018321557],[-106.23505438825605,-22.856560769159238],[-107.49201914619715,-23.388822115728352],[-110.76108647062331,-21.78857994134193],[-110.21933900719827,-17.57414082069414],[-112.83366564377428,-9.701088960742284],[-114.17973739701162,-5.975175252988954],[-114.66733447033612,-4.550510270316881],[-117.40581435146585,-4.048257777610168],[-122.43891035178875,2.575839756430934],[-118.77596481840209,3.522596403731889],[-116.15755660939942,2.8715837910420223],[-112.91946561425945,-1.2040772316522794],[-107.42417108850988,-1.162021894083333],[-106.06099054950457,-0.7530741151166911],[-112.11811863878849,0.09659596676694804],[-112.11561226619463,-2.3553989777556232],[-110.64848050033825,-4.777789990822495],[-102.60228777834702,-5.384697482078806],[-100.35292259698983,-4.512654966216523],[-97.25037255760712,1.0720889550326707],[-95.50346291023502,0.23735642913063693],[-97.60133087920808,-2.7497578969389433],[-101.75943513711067,0.2854158369534847],[-102.59711466948038,6.187478430738424],[-102.03283067630628,11.334496436567226],[-102.52706022100855,17.095766986010016],[-107.76908485681858,18.756631740400028],[-106.8548500615179,22.495401448724284],[-103.9687924843459,21.184336206760783],[-98.18697349570598,22.06666794618504],[-91.66975447101592,25.882273656911575],[-91.35243538389618,28.145400126649985],[-92.25902471825327,35.64070835022268],[-93.66484839019438,36.67535828779585],[-99.05297782488475,38.91876401107578],[-104.91846701415669,37.93805318601075],[-110.61338987442065,34.943017148931105],[-111.69390134799276,30.423128924267385],[-111.28787256696894,28.748373559608055],[-125.6681750098063,22.994108786595074],[-123.09237268250968,20.712904728925558],[-118.73779823569947,19.08527675072901],[-120.19492053269587,16.989280273370813],[-125.2129105643511,16.224735938364514],[-125.27946285056068,18.53998419523581],[-120.99263235083549,19.329831701238593],[-118.74768953239104,15.939490717774337],[-116.13020892826697,13.289631023689234],[-112.44447505103263,9.409123996459952],[-108.85262437898605,5.660295365760443],[-102.40863506789013,8.596690277157114],[-96.10966731592026,6.116995792938157],[-90.32369699751254,4.075471036899599],[-86.74430815688842,9.545639725948469],[-82.82960027106998,9.2390849963362],[-78.4441494413358,6.549366999592465],[-78.39619289661088,5.844139951503999],[-85.7752048986703,5.015657857535546],[-97.93413400898837,9.663776388452353],[-108.78344760224927,12.101594155067557],[-113.81984939216386,10.278866199655322]]},"properties":{"name":"Rockford Hills","type":"circuit","stroke":"#ff712e","stroke-width":2,"stroke-opacity":0.82}},{"type":"Feature","geometry":{"type":"LineString","coordinates":[[-99.53805038593825,6.923866231546273],[-99.53805038593825,6.923866231546273],[-98.1941565432664,9.528115567879158],[-95.45888486395586,9.302039707706816],[-94.1890663862428,11.203763787621485],[-88.73458083414316,9.089873730957844],[-87.01300345816259,7.980349154299092],[-86.4879708666665,5.131316206031168],[-83.16685541810136,4.598193980439732],[-78.12996844934644,6.068878739088796],[-76.00487233231439,7.541054820040217],[-73.0411246622102,5.1190051574163515],[-73.79157666863902,4.836634114822799],[-75.72825560206867,4.861671663416053],[-80.61292832708288,8.042618421794337],[-85.20401504055559,10.647661851098112],[-88.40436980943957,5.02806762671193],[-91.70994903823684,4.6855769525221715],[-93.87748408911601,4.632063197430328],[-95.99349881957562,-1.3906545682466191],[-97.00018243852715,-3.0249730586262906],[-101.88854602422259,-1.9953931477442275],[-102.46288986185968,-5.42490167765278],[-97.54019032558118,-7.237956832665798],[-95.35806194008464,-8.34291268326402],[-94.78408975716589,-15.35991851921287],[-91.39364948687407,-17.89106405273872],[-92.7441733330534,-18.89085117289043],[-96.94967066513821,-21.24172037193246],[-98.59831088341099,-21.550033278444474],[-97.21974072249259,-19.374076814493186],[-96.6100774079923,-17.271567628347775],[-100.19227787580324,-17.549604149295824],[-104.44502806267592,-16.32528601430848],[-106.8590972402705,-11.920233289377515],[-108.29724874774536,-11.550646182430919],[-110.40777745209873,-13.01751359821783],[-114.21089014573873,-5.192608965041018],[-113.44857433228559,-1.1735657395554728],[-106.00004677459832,-1.1409856548548696],[-101.67702854542893,0.5216288887593663],[-101.42837361774383,3.489204634888887],[-102.37159552456824,4.8133437354175985],[-104.11393676612045,6.305758155346686],[-104.88698150698809,7.442439451166182],[-103.07548802276632,7.2160828796882255],[-101.1128783136872,4.048689571020949],[-99.53805038593825,6.923866231546273]]},"properties":{"name":"Rockford Run","type":"circuit","stroke":"#ff712e","stroke-width":2,"stroke-opacity":0.82}},{"type":"Feature","geometry":{"type":"LineString","coordinates":[[-131.9193413526797,12.884012886956368],[-131.9193413526797,12.884012886956368],[-135.26162431987626,15.686427471186843],[-135.1502709863945,24.95787825952298],[-132.22522217789077,27.31898942708],[-134.52558685296697,26.57833672439599],[-137.53098421325265,26.37378943296912],[-137.61857725569104,29.309483278121217],[-141.03788660936317,31.394552922476805],[-143.3170853366845,30.962184963696306],[-149.42128372940812,32.828179208638254],[-149.47916340519083,37.94918067077301],[-150.6926960709455,38.86749367130554],[-152.04548556938772,36.66402354932298],[-153.9493631418008,35.29429545270679],[-155.49346938322117,36.145565540120906],[-156.96524971380967,35.55716094759637],[-158.56751706037574,33.703550833921575],[-158.813714924294,34.668566283825186],[-158.94676255245554,35.887186114725765],[-160.60685954999477,33.17788837211596],[-160.29210822569942,28.9233564297179],[-156.8211968349091,19.50092246895798],[-142.74820651524277,5.41413632943166],[-139.80390201004707,6.707592693461104],[-137.1996280603912,8.499382986419626],[-135.42437911165143,7.57121845972913],[-134.16326136838288,3.9085775356331673],[-129.5028874316307,0.9330130247824879],[-125.99347540992935,2.6402930843601844],[-124.06940629803071,1.2543883701696092],[-117.52502302731484,4.909876203674659],[-115.23380966353257,6.952700578346382],[-119.10539673361691,8.866971275469503],[-125.11609521346743,10.281588570246166],[-126.34891035993037,7.656034770637128],[-128.50798323770164,8.74166561749733],[-131.9193413526797,12.884012886956368]]},"properties":{"name":"Rush Hour","type":"circuit","stroke":"#ff712e","stroke-width":2,"stroke-opacity":0.82}},{"type":"Feature","geometry":{"type":"LineString","coordinates":[[-110.3300260163478,-1.2045470901190534],[-110.3300260163478,-1.2045470901190534],[-101.1860441164725,-1.8634871805636344],[-95.26648738395102,-3.9132989850349738],[-92.9908133611215,-2.420671905130714],[-87.47946417301029,6.117013615820019],[-84.26681992430699,10.12110922490512],[-76.8282557727379,5.548708465993534],[-76.80210569743457,3.3835970337402745],[-79.15792010827485,1.9323992118433075],[-79.27027301467547,0.30911897822092804],[-76.98440350808409,-2.4753348704525866],[-73.79964517231048,-3.1943730618075374],[-73.39465280422834,-3.443247428301241],[-74.26861821858459,-6.431047237092407],[-75.48431314108592,-7.2400660728995305],[-77.3707289117508,-8.02260597464513],[-79.42529907960733,-9.596909315523918],[-81.43723605101047,-11.237915648985497],[-80.84999457960858,-12.711145892649748],[-81.31590887474286,-14.792331025933047],[-82.35157483732401,-11.881152060934577],[-82.66634046123316,-11.194362671725957],[-81.88504683476954,-8.77388530254836],[-81.62225016801716,-10.862630432599113],[-93.15592144238968,-11.634482939189274],[-103.09963387612693,-11.942850575048949],[-106.07328678073813,-12.897191125595404],[-106.09745119482685,-16.409434478176856],[-97.42562541997025,-15.347163397480434],[-95.662676929253,-14.046831984381727],[-94.31454254003262,-6.128174298163572],[-95.27255582601035,-3.6779553648830667],[-101.30998286805892,-1.341452575206059],[-101.72324607472045,0.37067469509254636],[-99.14223224851794,7.699933317840254],[-99.86878180653841,10.353372544895613],[-103.98203025579575,11.603287095419413],[-105.7547877279246,10.49791176128015],[-112.27908851045379,7.1078721654126955],[-113.39652684968026,5.40808472320844],[-115.80375804156691,3.7918684118048134],[-115.62568872983644,1.9122186303699618],[-112.42117789455462,-1.2056924982732031],[-110.3300260163478,-1.2045470901190534]]},"properties":{"name":"Seeking Evolution","type":"circuit","stroke":"#ff712e","stroke-width":2,"stroke-opacity":0.82}},{"type":"Feature","geometry":{"type":"LineString","coordinates":[[-107.09128147727375,14.46887338298641],[-107.09128147727375,14.46887338298641],[-109.91301615913264,14.487742402745877],[-111.17918879277846,14.247327610636201],[-115.52226569108349,13.59865849589869],[-117.98257219236338,14.90866965997797],[-118.66331676452691,18.824911834074925],[-118.59870229499123,19.72129947459279],[-122.23526765855468,20.845678507019894],[-125.42822769638073,23.42894564584952],[-121.8718056209116,24.40307876498794],[-114.26404782425686,27.080222466293584],[-111.72551801132094,27.69249089110999],[-111.48676495171375,30.050644363190607],[-109.8293129469519,30.391639597129945],[-104.1332332524496,29.85874865962068],[-101.00310963984518,31.257165485101183],[-93.79560686223098,29.031760959717005],[-90.82168173709155,31.078491837993397],[-93.66985473405555,38.0452929906359],[-94.45583265490156,41.08138444522844],[-97.38956033615658,43.4034595970834],[-99.7204284725539,44.026764758946335],[-99.52907032835016,45.60978042800214],[-92.084420153998,47.32215692698326],[-84.39039310666922,48.524913441103685],[-76.70519131690219,47.27734080879502],[-73.78856871596977,43.11807114220198],[-71.49817605044304,38.23472297567157],[-71.22775274717748,31.69669743336539],[-73.25481730123086,24.25417405694224],[-76.90620807529035,21.416188487572764],[-79.09804969800223,21.824743228393753],[-81.88078157544483,18.42726038683872],[-85.61880091180223,17.236812222981907],[-84.14452415702087,16.12943475211198],[-82.45926546828262,13.542056401331536],[-84.67184541708029,10.560736770729344],[-79.25745494912789,7.1638950146131695],[-78.18598917910444,6.087351166796102],[-81.89667552485331,5.132888814118016],[-86.11265732749206,5.138643073884677],[-90.39263849704305,6.357059548644688],[-92.26265733701726,4.876087373999355],[-99.75114142285857,7.718174414189947],[-102.42841520610463,10.209400386170078],[-101.69619835417743,13.848676630852196],[-103.03588850274818,14.409506410864859],[-107.09128147727375,14.46887338298641]]},"properties":{"name":"Shinobi Street","type":"circuit","stroke":"#ff712e","stroke-width":2,"stroke-opacity":0.82}},{"type":"Feature","geometry":{"type":"LineString","coordinates":[[-123.96346101756129,6.716384567391131],[-123.96346101756129,6.716384567391131],[-127.15842904415567,9.51457430860522],[-131.849544935452,1.7427437500453706],[-126.17592167410551,2.903693295172065],[-122.77438780927858,2.225771702458575],[-115.38556727274033,6.022094354790272],[-114.76583688771083,8.60266534865918],[-111.46827748966645,7.766306661287073],[-105.46105794451806,4.2308984490752035],[-99.41304045884281,7.092002227316542],[-101.8809531894198,11.005264854369317],[-104.9844380239103,13.229731921430426],[-109.10483453236232,14.496511888558556],[-116.14295845350802,13.345498181929614],[-113.35820962759976,10.535659142464258],[-119.44914601999943,7.384634383571352],[-123.96346101756129,6.716384567391131]]},"properties":{"name":"Sinner's Path","type":"circuit","stroke":"#ff712e","stroke-width":2,"stroke-opacity":0.82}},{"type":"Feature","geometry":{"type":"LineString","coordinates":[[-91.99218809760434,33.7604090936493],[-91.99218809760434,33.7604090936493],[-92.88899345132225,37.33784060029497],[-94.50270486654766,41.17861664308127],[-97.18065430139823,42.67218930644484],[-99.14770023637045,43.979548357380814],[-100.17301006620647,45.301980297372154],[-96.90047326388151,46.65938631999585],[-91.25281614995163,47.228839601032995],[-86.40657542307316,48.48351324556272],[-81.98968657613564,48.86888523189161],[-78.39754744045939,48.58029875841498],[-74.84338180682204,44.39175975135192],[-71.58594056445091,39.96156696441218],[-71.42705746761916,33.772892836457274],[-71.87353563479341,27.39004690368572],[-74.34753830475279,22.936768419899785],[-76.308192155857,21.765790171906865],[-77.86446791961676,21.854313206406594],[-79.09327555027726,21.758342679360652],[-79.91911634336898,19.350510806224648],[-82.77838060220674,18.496211091446227],[-85.23800793754882,17.806282948953307],[-85.49147366054002,16.450869822505588],[-83.22350208189306,15.762946282119941],[-80.87369048174159,15.61801441925798],[-79.10919802296654,17.73693154993906],[-77.49780605621581,19.606812474938],[-76.613043039904,21.072977486805478],[-74.36137608428712,18.993143250174512],[-74.23726504892441,17.936265970778123],[-76.54800395005407,16.57852390213785],[-79.34686145358057,13.255067313283],[-81.53848722274145,11.138894261597791],[-82.51864394845725,11.606464591737389],[-83.74536067582906,11.729329962145002],[-85.34088822937532,10.646413655583189],[-87.69883539470746,9.013363899300938],[-90.13769037873458,9.833195015077555],[-91.35857210941634,10.75756861963624],[-90.35966723057523,14.833802136566513],[-92.90961284223948,16.055281596202942],[-92.46624738759047,18.68624522418082],[-94.65158875104945,18.83020806948454],[-95.53186600253744,18.619203275886623],[-94.91913603852117,19.525753728397845],[-93.13344321684177,20.118166914609446],[-92.30049753370449,21.435420598424876],[-91.35005131685658,24.79063797665925],[-90.90354414425725,29.701052056852102],[-91.99218809760434,33.7604090936493]]},"properties":{"name":"Sisyphus Climb","type":"circuit","stroke":"#ff712e","stroke-width":2,"stroke-opacity":0.82}},{"type":"Feature","geometry":{"type":"LineString","coordinates":[[-119.76923363518083,7.196703621723003],[-119.76923363518083,7.196703621723003],[-122.1848425486047,5.810784658713473],[-123.67545989969618,6.221703938287721],[-124.98710729806764,9.141761972213263],[-125.68398534366804,13.8740370125848],[-125.73288131586654,17.518344332981975],[-114.11600650572652,20.301721435070604],[-107.55240382123051,22.510993525836177],[-106.73493212523302,22.453154445420733],[-96.90830028612527,18.95637095834034],[-96.19137147900325,18.088326345727463],[-98.36520440646315,11.98143128262558],[-97.86058479459365,9.404248396765805],[-96.53388178436192,9.013218590313024],[-95.18292676447018,10.074742684106207],[-93.72849458543472,10.999232273552497],[-89.62943023995608,10.0052639622575],[-85.19713380011538,12.907014868347765],[-82.26188772541589,13.674558409961662],[-83.59609393112578,16.005918342280918],[-87.84140926487925,17.348627837830488],[-89.00460600193176,18.929816566383412],[-92.0738950114256,20.27218340273059],[-92.40734058467544,20.57547329160927],[-90.88791630070449,30.341817285541424],[-91.13375913771142,30.583765605389527],[-104.21357476121749,29.8868577569971],[-111.74766414728293,30.247755545326484],[-116.77797973357535,33.506697494930634],[-125.46090277326257,26.35355653486009],[-129.62824401461262,30.298377983209637],[-130.25231401680645,30.02428429049033],[-129.28669948272523,9.428302066371595],[-127.04240036422617,9.323278184357223],[-119.33757207227956,8.677514593812996],[-119.76923363518083,7.196703621723003]]},"properties":{"name":"Slackerz Toug","type":"circuit","stroke":"#ff712e","stroke-width":2,"stroke-opacity":0.82}},{"type":"Feature","geometry":{"type":"LineString","coordinates":[[-76.37035088906671,-33.351596197063394],[-76.37035088906671,-33.351596197063394],[-75.6256799074513,-28.56293809455903],[-72.28916074001077,-27.466295162627844],[-72.80699884218326,-25.718512956089278],[-73.83587569397116,-24.065266951446844],[-78.16050006471875,-24.643396805200695],[-78.34726002433803,-22.61240927727664],[-80.40279519990251,-21.90899872605837],[-80.7348263405853,-16.703195077595296],[-72.74797699113743,-16.115876058023844],[-73.91735822514077,-3.103495256774126],[-76.32686659735884,-2.993965680865024],[-77.38972219130578,-1.0797336617489286],[-77.06543542788293,1.3740472361922205],[-79.27082233142872,0.3957714679915796],[-75.65540141910697,4.771312110474477],[-78.35249522117927,5.872892826056503],[-84.38999459474799,4.357913700493014],[-89.89272421983961,6.972601100513556],[-89.72721577492968,9.655394958523466],[-93.39912151533625,10.506973829963044],[-94.4556252375824,8.41821983724213],[-95.98310765657578,8.274836066026978],[-96.94737453294687,6.63914227144885],[-99.74837271657036,7.742834713017365],[-103.05385406764174,8.132252907152564],[-101.84682720961665,3.571065876457464],[-102.48696824375575,-0.23251930148857092],[-103.81750722172768,-1.0335034595070578],[-112.1021327881478,-1.5946280820728038],[-112.44739938466165,-4.630788306246565],[-119.17116161352936,-3.4297698736846556],[-122.85793718278356,-5.835577402439778],[-124.23720760927964,-5.143935856986573],[-125.16517100409658,-6.686584424857383],[-123.33182425428224,-10.122353496258052],[-121.42958732031892,-15.96376902959287],[-117.57162430340364,-20.35456743665661],[-119.01735808942796,-16.66841722237583],[-116.21632130783397,-12.479301428748895],[-112.45486132221447,-10.781174302839846],[-111.31923624480723,-17.81920657111195],[-118.84170247709687,-27.541766468264186],[-116.19896711588665,-29.465928273116646],[-111.31041062945675,-25.960176445036254],[-109.31808419468253,-28.18832150960435],[-109.31111080840077,-28.690538991422734],[-110.58615758620317,-30.13959353994577],[-108.66631701655818,-30.840512139989286],[-106.17326384816761,-29.713236873613297],[-101.95818208534818,-30.479178011439004],[-100.43755826284561,-25.98065463631537],[-99.85476785247194,-28.523482457119812],[-93.6646778147637,-27.80539355672928],[-90.15625217937051,-30.619930042779636],[-90.24198817656716,-35.60263995057853],[-88.45466337897511,-35.68616206494864],[-83.25655206997871,-40.10683814641902],[-82.41710952478576,-39.36936352938139],[-81.49288752556443,-34.67321896990762],[-76.54066052085508,-34.75809086252727],[-76.37035088906671,-33.351596197063394]]},"properties":{"name":"South Street","type":"circuit","stroke":"#ff712e","stroke-width":2,"stroke-opacity":0.82}},{"type":"Feature","geometry":{"type":"LineString","coordinates":[[-95.94445105845831,55.43769991818747],[-95.94445105845831,55.43769991818747],[-102.22081635286487,57.11762807666041],[-110.84229575708368,56.50470719984111],[-115.9892010642443,55.66514739359543],[-122.02881967504976,53.28682801916912],[-128.28024798592628,51.42910748571494],[-130.85612848882545,51.68983794205607],[-129.44660713915644,50.76067366871722],[-128.02550879465505,49.24330821522334],[-127.63169708641833,48.12428904631544],[-123.11246050709524,48.200321759405],[-118.76944875892659,48.710492456989584],[-113.55228628677489,43.74386759048024],[-113.37800920022727,43.42639647048976],[-115.21890363259608,41.80175049161895],[-112.53311441545428,40.73952179897489],[-113.17228832878102,35.661603939910755],[-111.34648154081202,32.27761284923817],[-111.37571023969005,30.27212612942225],[-107.21744518478067,28.725804670230975],[-101.55870460746164,31.326029884363173],[-94.86383986759836,29.967243920823645],[-92.09530810180517,29.96944964705869],[-89.86039774709161,30.36439893740208],[-86.81675203157927,27.73395497942687],[-81.59050624394003,28.14507890276815],[-77.81024537169642,29.64468649175291],[-78.78714192286147,25.08169885467659],[-76.72453019087999,24.930793999266818],[-74.65925530545594,28.10657521054924],[-73.35198002316204,31.54141139998824],[-73.96609029737529,36.78915795592302],[-76.49914692192165,40.249644906345395],[-81.08939421944315,41.89316085873033],[-90.4599733566677,41.74929863625955],[-94.72660819585705,41.354335918816474],[-97.26185298312068,43.15799199248289],[-100.43536835230647,44.406869858813934],[-97.72125760001292,46.29040968517649],[-91.99011983532847,47.29263366759761],[-84.47189663499051,48.50405366236241],[-82.85780407805662,49.16026158658135],[-86.38833060133057,50.99363574070834],[-91.31910984603006,53.90305829185738],[-92.32251445324314,54.17223496412237],[-95.94445105845831,55.43769991818747]]},"properties":{"name":"Spirit Valley","type":"circuit","stroke":"#ff712e","stroke-width":2,"stroke-opacity":0.82}},{"type":"Feature","geometry":{"type":"LineString","coordinates":[[-108.45294676936064,-1.1933049063225951],[-108.45294676936064,-1.1933049063225951],[-94.70735679698473,-4.00207991630079],[-93.52161799265974,-3.8907103701595283],[-90.76075982494285,2.9197810342392803],[-85.19929978435906,10.545222261503753],[-84.25000347402883,10.14183825153941],[-76.04435040153358,5.076842714801418],[-76.49881523996731,3.5972620350814477],[-79.92814650495194,1.1029550564527248],[-76.49542648875055,-2.9637216844798235],[-72.81408908975052,-3.170406707470601],[-71.9811529623622,0.7272092063419286],[-71.83194967036201,1.719237249391501],[-72.50629488610657,4.481748392817268],[-72.94484231701001,5.166527545910388],[-81.0364318603684,10.699583354545974],[-80.67560551139522,11.707709373888662],[-74.41759435972743,17.71271477213557],[-74.02180920651287,18.591932402487053],[-76.56252793917905,21.118532867617148],[-76.14805125591575,21.789860763189736],[-74.31792011440913,22.862765580903336],[-77.98291000501675,48.3955473311362],[-84.10356919036187,48.575044733156744],[-100.61197937419651,44.84440704265354],[-100.06243743648182,44.073897170738476],[-94.35636357529927,40.458632584499],[-90.93818747033194,30.115904712580246],[-91.48484295480338,26.45653190321882],[-91.99823863803812,25.66460586777688],[-99.6355208510201,22.071975644838666],[-100.92459505743254,21.660929881036388],[-103.96996802468585,21.221813443508783],[-104.35029565289454,21.36406078632679],[-106.84481911175604,22.570176719475732],[-107.87311265583018,22.28251812807692],[-108.67273624846058,21.729597873128434],[-113.53167097708742,20.371076401211518],[-114.20603771166871,20.58994778204515],[-115.92992554856431,22.967371872319166],[-122.08915423184934,21.181285160428338],[-120.9535218261604,20.893246921984424],[-118.67169618252235,20.159876966056956],[-118.72655015591089,19.120206719390367],[-117.57231691191372,14.057588430287538],[-116.51490009023493,13.535976180149559],[-114.88093654523442,12.214480356087085],[-113.600566982907,11.69303392233898],[-109.92251426548971,4.221506015220788],[-109.9991220264149,-0.4901165566177088],[-108.45294676936064,-1.1933049063225951]]},"properties":{"name":"The Hot Lap Incident","type":"circuit","stroke":"#ff712e","stroke-width":2,"stroke-opacity":0.82}},{"type":"Feature","geometry":{"type":"LineString","coordinates":[[-111.61699842478046,17.48348822314312],[-111.61699842478046,17.48348822314312],[-110.6455456673476,17.407108027503682],[-107.09988803675336,16.628117592412906],[-101.22006480092755,16.781537942259458],[-96.3258725723446,17.502146029978963],[-94.44382637585902,19.751940545238917],[-92.11992292348825,21.71672022615031],[-91.55788789321755,27.298094808347095],[-90.85801723107548,30.24421935190454],[-92.14551915984352,30.080222411303193],[-97.27732501823816,31.08472573241679],[-97.09472950495213,28.416923572487843],[-100.67670212602525,27.32196871562998],[-103.58887029705473,30.31396648671782],[-106.21471082238033,28.76996892006314],[-110.99332115930257,30.44651010445908],[-110.55443200018306,29.044799553358516],[-107.61789481294959,24.256941548285656],[-107.88018496005036,18.616567493103908],[-108.23407638378141,13.171739808384089],[-109.60161448241593,11.984567615561955],[-116.26829372879493,9.138927602296448],[-119.80327057943435,9.281747459933941],[-128.94528990355747,7.9952168284521585],[-128.9964845241212,5.798946069574367],[-127.46928297860063,6.31032433744601],[-125.81100581395319,8.139874444982127],[-125.01879379262357,10.070362804376114],[-125.64585601455742,12.927162519242744],[-125.39173549254099,16.467948426680273],[-124.02442880731066,19.34951052901393],[-116.94884474330199,19.664707832199213],[-114.34353699591263,19.2429484321719],[-111.61699842478046,17.48348822314312]]},"properties":{"name":"Tilted Towers","type":"circuit","stroke":"#ff712e","stroke-width":2,"stroke-opacity":0.82}},{"type":"Feature","geometry":{"type":"LineString","coordinates":[[-87.13956290484802,-12.154174589188594],[-87.13956290484802,-12.154174589188594],[-87.2079715593878,-4.670181753239252],[-88.13229035471107,-1.4529486670292933],[-91.22399019529686,-0.8666674067676894],[-95.6331117909873,0.9176462764025803],[-99.60323279658503,-1.7849488223832193],[-100.91172780521899,-5.408651432695194],[-102.16431933197448,-5.333630622430736],[-102.80085854305914,-4.746515434987227],[-101.95323832974404,-0.23243278254597577],[-102.34710036600202,4.723262888522048],[-102.35681513895118,10.227758576731928],[-101.45511716319392,10.5743357340889],[-93.9499984410787,7.919386412947131],[-89.88011369577083,7.063817288223319],[-88.64861717005766,10.218161987075055],[-85.25521594792006,12.934027917830639],[-81.64908322715533,10.993072748745632],[-73.2149721503518,4.291616347722758],[-73.3527155555843,-2.849813805931193],[-74.46978533366723,-6.992018135204649],[-77.3618818218213,-7.970328284812256],[-81.01504045470423,-9.631994952254095],[-81.33219922407581,-16.180609277663045],[-80.8137498234901,-22.004847417325237],[-85.50038143826416,-21.81069828722476],[-89.71423569417436,-18.72779725286874],[-92.31060829612599,-18.676031366503082],[-95.71708333447035,-20.58609447969924],[-101.32382585549934,-16.721149577145297],[-103.99978277343226,-16.30105665947906],[-104.65195231087382,-16.020975632798596],[-98.90116323033723,-13.013139135890375],[-96.45289734003637,-13.18985926466384],[-94.51492241551676,-15.49191763796287],[-91.55919011837084,-14.113742825544298],[-87.20644932588101,-16.45583192876368],[-86.44756992895853,-15.429934470789417],[-87.13956290484802,-12.154174589188594]]},"properties":{"name":"Triple Trouble","type":"circuit","stroke":"#ff712e","stroke-width":2,"stroke-opacity":0.82}},{"type":"Feature","geometry":{"type":"LineString","coordinates":[[-119.8467519994232,-0.7092049330600148],[-119.8467519994232,-0.7092049330600148],[-132.50290995765795,-0.3161469459234709],[-133.87380907384747,0.5626994792250315],[-129.72965401752913,-3.22688727356309],[-124.4711125371141,-4.489628026132568],[-124.23672644848679,-5.12219089914322],[-124.97535754248008,-7.0053797400848445],[-123.76058672725742,-9.144181191015337],[-123.32728047796783,-11.477770703747131],[-122.73599146118366,-13.028663357283643],[-121.76843721639649,-13.126419695869147],[-121.3044880003157,-11.913876923205757],[-122.48437432857368,-7.980998208351833],[-121.57835038175085,-5.649639519407902],[-119.13382017114267,-2.43147818394708],[-119.50404132947266,-1.7189616880573642],[-105.81262144620474,1.5272080047133691],[-99.03342801821223,1.5605931662486547],[-95.5939983495266,1.2016459902779442],[-89.5532260400026,0.969308677931279],[-85.76357514482896,2.7049139828075894],[-84.96351010295325,4.970333304849233],[-83.9972121667119,7.858986086748968],[-86.08501713791186,5.487313273753182],[-87.19898008798025,3.938031712455242],[-83.26211826494827,-0.7777743781813324],[-79.93705681543608,-2.8520402684015647],[-75.88185726703976,-4.96754480182323],[-74.14350072266456,-5.339630527017363],[-74.56961790406947,-6.978554793901658],[-77.49796988230626,-7.550293467706723],[-81.13564592657723,-1.875095851356246],[-81.61539531408667,0.848153827574686],[-83.82351915195406,3.9323211182775584],[-87.5571196289661,5.3187257633759515],[-90.55824334506933,4.302634859181924],[-93.90350451163525,4.6000412166726345],[-94.59857261279026,0.3704717610522881],[-92.81640135723094,-1.2655885998358372],[-93.51142962540696,-2.44783976058385],[-95.28728718764245,-1.8974779362059433],[-95.71263638544949,-1.4474323099626076],[-95.76697253234715,1.0027262509993289],[-99.16752889266448,-0.2635867572744388],[-100.09642419347223,-1.7857120871208192],[-105.83495642019442,-1.039331103213497],[-109.7316921354132,-0.01676276258148235],[-109.44287611729224,3.0284901814153002],[-107.57255187865086,4.2019541333138415],[-108.41635254316478,4.862756586442064],[-110.69033462615937,5.946483852717266],[-112.29930436436943,7.273689118251235],[-113.7268329207595,9.251289989974353],[-115.9705130829366,7.767327658213184],[-114.30387409468693,6.138327174638277],[-111.42122050778775,4.825690596828432],[-110.04686691465601,3.8062126339637032],[-110.26540160705815,2.6166041648797105],[-119.8467519994232,-0.7092049330600148]]},"properties":{"name":"Tunel Antics","type":"circuit","stroke":"#ff712e","stroke-width":2,"stroke-opacity":0.82}},{"type":"Feature","geometry":{"type":"LineString","coordinates":[[-120.03015992006628,-0.8260749768124747],[-120.03015992006628,-0.8260749768124747],[-129.45234928792254,-2.41808968004551],[-133.6822781102154,-0.024453135172574747],[-129.6215731293168,-3.2859277242916693],[-124.47398750204273,-4.489010469301217],[-125.25071953989828,-6.587900867459005],[-123.34296041253896,-10.12707907817728],[-121.55849761958983,-15.282863922660118],[-120.39717258640223,-14.368234909089148],[-122.41806891814292,-8.59053537110036],[-122.49244235903839,-6.255962556208008],[-118.5806641194772,-3.5731248673858005],[-115.32838381433167,-5.766470973783228],[-113.41214171116889,-8.096794083316079],[-111.79498033957248,-4.782402286586009],[-109.88633578910154,-4.337176015268835],[-110.29373756015273,-1.020782089478903],[-115.29080661116343,-1.068764811172283],[-118.90673072245757,-2.775345017215942],[-123.46665947882352,1.9263177160152054],[-128.55477615408208,-0.6447205389201613],[-131.06875293621226,1.6182725380705243],[-129.79932471186686,2.8780606189107036],[-128.21335057915516,1.9438553214694103],[-126.57392240392291,3.6637175041368657],[-129.3075236070377,6.448242386992898],[-127.36825863649149,9.056235046608247],[-125.13137364619462,10.15407269078942],[-125.23022660846337,8.230933563852444],[-122.7107673048672,5.137290890340695],[-119.6638995624453,6.288795280992574],[-118.12832600772322,6.386062642116505],[-116.95494935426666,5.208268969862492],[-114.52516067200312,6.300418004114502],[-112.2510888359842,5.261542329021644],[-109.91100901093535,5.566749003794884],[-112.17667480296689,9.92690404100141],[-110.90832119011456,10.327765426766373],[-109.26781006561384,8.505643028353962],[-107.38259760934339,9.125815371529983],[-106.46970671347957,6.982972711208309],[-108.56844620141835,6.065264157071366],[-110.03292458738157,4.218701576134762],[-110.28198186317456,2.6131888015353812],[-120.03015992006628,-0.8260749768124747]]},"properties":{"name":"Tunel Vision","type":"circuit","stroke":"#ff712e","stroke-width":2,"stroke-opacity":0.82}},{"type":"Feature","geometry":{"type":"LineString","coordinates":[[-91.28981103537419,-0.8559215105673506],[-91.28981103537419,-0.8559215105673506],[-94.62836842414266,0.5507175350934759],[-95.63783594381164,0.9236561903513252],[-98.68937726385536,0.8530528694030757],[-99.301783397656,-2.5211840453103935],[-96.28081774529635,-2.9851643823278984],[-95.91790489866854,-2.174790720206376],[-95.57001252288995,-1.8195232083831723],[-93.00071902793432,-2.4292578605218313],[-91.51621240573033,1.4660710837071118],[-91.5991821598643,2.6078808421246293],[-97.58308804256536,2.171982320665581],[-100.95689266218503,2.476926535423706],[-105.47379763552912,-1.1132446860918712],[-105.79758136601468,-5.183553059339133],[-105.35397208153897,-13.897274749915825],[-105.22318952510888,-16.54915475502562],[-103.41186996364259,-16.4301548746178],[-102.63034461637147,-15.849404533129873],[-102.64663622621306,-12.082180671590693],[-103.69779589076862,-10.64804201914683],[-106.102634432771,-10.083253742000855],[-106.91465004104458,-10.20258718939826],[-107.34208664230104,-11.017102208340988],[-107.474701282937,-13.959116672660175],[-106.0354145349661,-16.442548824153768],[-101.03914736994608,-17.37721141166702],[-95.51880042773229,-20.713269335754298],[-92.84589163263776,-20.110970279770015],[-88.33339934922793,-23.528234087481877],[-87.59812623277509,-23.58204540373025],[-87.08845194982067,-22.0175802799815],[-86.34585148834543,-20.987956799952805],[-85.603559597897,-20.711056588649768],[-85.76615363853635,-24.301747682293026],[-87.09606345069679,-24.86630346727668],[-87.2206876421637,-22.31012173173181],[-86.01986238558028,-20.812275800396513],[-85.04890958976091,-19.6660792070372],[-85.83978541435445,-18.726704124820188],[-86.68055244235805,-17.616219590265594],[-86.45790529825044,-15.173511569505115],[-88.95480305051385,-13.058017254878232],[-90.72494001971448,-14.740423617953534],[-93.04748520369012,-16.197046032013297],[-95.51134608938807,-14.201956472470814],[-96.39698702969818,-11.211890504113187],[-103.11036623515939,-11.60304018422005],[-104.86925950552369,-8.224164329311419],[-105.12889571294399,-1.1134866231445155],[-105.65562177872161,2.330835461118788],[-109.74944615373963,3.527539326224609],[-109.43160327645138,5.358237566765175],[-105.13713147549346,6.039733290175001],[-101.85948994705016,3.5513976779248306],[-101.08954589785762,-1.8980798162126344],[-94.69417815238639,-4.156499506811201],[-94.40017485045593,-5.589611084554889],[-94.14535680993684,-8.360811051958],[-92.34761155423614,-7.90043648478925],[-91.0834949656808,-7.104209912245011],[-88.60989266266861,-7.1524366975104385],[-87.2224437193168,-6.75249570536862],[-87.12447330231905,-2.752866156129892],[-89.57189502680652,-1.4162280585180085],[-91.28981103537419,-0.8559215105673506]]},"properties":{"name":"Tunnel Run","type":"circuit","stroke":"#ff712e","stroke-width":2,"stroke-opacity":0.82}},{"type":"Feature","geometry":{"type":"LineString","coordinates":[[-92.14781924698575,4.862532051345625],[-92.14781924698575,4.862532051345625],[-93.7937359901414,4.806050293488131],[-94.72245398134771,0.4202339275492264],[-92.5939001753234,-0.7309556637284018],[-94.1377270589784,-4.094184627975004],[-96.304741994185,-3.1139048945422516],[-95.23518987719706,-0.08706318534869872],[-95.26434358573403,0.29353071845261525],[-95.82720896431634,-0.36921669189523065],[-96.71302838159306,-1.193119387497232],[-99.10207842480493,-1.163745890148343],[-97.9138961183577,1.0820041445048876],[-94.73321744177605,0.5221611506962933],[-89.80461382651397,-1.4947049269637045],[-87.17154257653084,-2.181959237215917],[-87.24094832721067,-10.886425104310485],[-86.12566721709369,-16.634017926857126],[-81.17503554503564,-16.21373265592387],[-81.64151449659826,-10.885840755742057],[-89.55959997682395,-11.54859346387863],[-93.15202226639475,-11.170624668778006],[-96.08285848127616,-11.369624838312125],[-95.48643291208582,-14.73056885605857],[-94.90637849741506,-16.45518535827147],[-95.58012860636896,-18.217992973005067],[-93.16066930998011,-19.349047303577137],[-87.09601541597907,-16.565924776641687],[-83.8592453652339,-16.63055914338709],[-81.1901591206919,-16.00979597018147],[-81.05117525198322,-9.697909830744182],[-77.27823865838134,-7.909841869989954],[-74.04391760752587,-6.757017940582678],[-73.74226211682915,-3.0919882301280737],[-76.51399067685753,-2.8609745664455506],[-79.81815812707048,0.9311488982323102],[-75.58625348526371,4.701347135906228],[-81.92785027596281,8.809509805721685],[-85.09318794853358,10.70939123687521],[-86.96328680484979,7.211696186264058],[-89.28586209939633,4.25049663249446],[-92.14781924698575,4.862532051345625]]},"properties":{"name":"Uptown Lift","type":"circuit","stroke":"#ff712e","stroke-width":2,"stroke-opacity":0.82}},{"type":"Feature","geometry":{"type":"LineString","coordinates":[[-100.56008804969497,1.5426245797010747],[-100.56008804969497,1.5426245797010747],[-97.57752945338846,1.5698015660302147],[-95.72166584256925,1.227220947003909],[-92.8987835284303,1.1312917870377905],[-91.09679821791886,1.1193881055867827],[-89.55995254632992,0.9560139436865569],[-87.04559488273495,0.6924809086002153],[-85.75437074173605,3.1667295216557587],[-84.95655682376676,4.9706074376354845],[-83.79187329070412,7.397156315558909],[-84.25284648036855,7.766620056422572],[-86.08369371240525,5.478453848381811],[-87.18874516878333,3.9432661843679604],[-85.37799481697208,0.04834449154967224],[-81.62620325764438,-1.1883423047396366],[-79.96693356026458,-2.820597572302308],[-77.07545922750587,-4.320471349515689],[-75.58680900466257,-4.8341754336235425],[-74.09837097291529,-5.285994447430575],[-74.52383662168431,-7.003770034840269],[-76.71140307371343,-7.661198795379555],[-77.60960473490559,-7.215401661141787],[-78.89629497071851,-4.483511406701858],[-81.5987719864844,-1.490245410292772],[-82.64696061272954,3.002140725921242],[-88.2838044371484,5.232078853454497],[-91.57946770556302,4.638687962288138],[-93.85543069924191,4.665569568242553],[-94.72989487031062,0.45156134812198445],[-92.53221340650165,-0.6083092825453331],[-93.5525380660179,-2.4226454874015317],[-95.29467379943301,-1.8928487387736848],[-95.6971319424578,-1.643509121932217],[-95.42924515581285,0.8418698854918762],[-98.67435602566253,0.7940639150976914],[-99.9574108073658,-1.8349151508841501],[-103.86713759195547,-1.069930024319202],[-107.6829093506797,-1.0696860953590708],[-109.7308737293414,-0.37405727249307574],[-109.46620036189353,3.0127322252684188],[-107.59828261578976,3.3480431451586234],[-107.7823034917771,5.042641830182933],[-108.88706820326541,5.8574990531783735],[-110.84918990335726,4.982482360874765],[-113.39471151250817,5.346656339234491],[-115.12367166234858,4.098382160856223],[-115.59445894949953,1.869453998330405],[-115.04982902389625,-1.0513575407059204],[-117.36653012062747,-2.023179520421605],[-119.22121256652503,-2.4673446119664266],[-119.50113504482243,-1.7146190210335313],[-115.67859783292687,0.8330950903785173],[-108.4406770145724,1.5067492049706015],[-100.56008804969497,1.5426245797010747]]},"properties":{"name":"Urban Antics","type":"circuit","stroke":"#ff712e","stroke-width":2,"stroke-opacity":0.82}},{"type":"Feature","geometry":{"type":"LineString","coordinates":[[-104.66410565627966,5.71747876419307],[-104.66410565627966,5.71747876419307],[-103.42102298309796,4.8473547598374],[-101.29345101658704,3.9824726940898714],[-99.86099404051984,5.621638704692791],[-99.74009848593813,7.681265394796822],[-100.54384591834908,8.247520201810078],[-100.61003208426291,8.872499394899835],[-101.19146909829477,9.11156993576565],[-100.73667686803293,10.25999864391553],[-99.62872757130489,9.988685639729024],[-97.20420547828525,9.671201321374632],[-96.54507193859607,12.095450400100459],[-98.39068050724639,12.75532345734229],[-102.06695799388342,14.375094625022012],[-105.26968365583022,14.423740666077126],[-108.33457415400264,14.497642480667475],[-110.2803949226337,14.184971238852958],[-110.51828774458716,11.76980699021674],[-113.3349564736357,10.496913099607388],[-116.20520741567657,9.028833041348364],[-118.89316522485578,7.6701970361573375],[-120.16382884834948,6.967630520869451],[-121.0140432274693,5.797538811883839],[-120.69127991419958,3.7308911422193507],[-118.935228351126,3.8367065571320147],[-118.08211317430896,2.7272771233041624],[-116.40962802119508,3.666531916120892],[-117.67465952831245,5.971347685967328],[-117.78222375606799,7.040508832989599],[-116.27346749262392,7.915452001527931],[-115.39088479576995,8.098553433309178],[-114.61858343291311,7.836503891932965],[-114.0394313534321,7.894800023368485],[-112.83877832450668,6.798484236807669],[-112.02852984819674,7.120751641932643],[-111.17872290868696,7.296737225078425],[-110.64301701134302,6.305277188709215],[-109.55071318938052,5.41109268143969],[-107.94402666132306,6.333085108729704],[-106.02221597866055,6.763082425568739],[-104.66410565627966,5.71747876419307]]},"properties":{"name":"Urban Challenge","type":"circuit","stroke":"#ff712e","stroke-width":2,"stroke-opacity":0.82}},{"type":"Feature","geometry":{"type":"LineString","coordinates":[[-121.79683013427872,53.348172327030824],[-121.79683013427872,53.348172327030824],[-117.0878535953533,55.52405987904088],[-111.71805111513775,56.15447953777148],[-106.76321809303822,56.62842138173846],[-105.55889920877394,56.61424934086676],[-107.31274592621138,55.91615228962193],[-108.40025413832132,53.63292285953952],[-111.98682284052845,50.617588292758114],[-112.7278187909475,47.93177908535312],[-113.73092712533578,46.551520096971956],[-110.99509513646012,44.856659575828914],[-115.23313501189483,41.872157780595195],[-112.7419104864425,41.00274771284489],[-113.31125738757046,37.66059137836696],[-111.70453846249457,33.17685546827901],[-109.39349536164735,36.3533412776122],[-104.40132192461772,37.980301145086685],[-97.44739016732693,37.76942058595236],[-95.60936934859103,37.08277359323502],[-92.43555525238142,36.436534084967505],[-94.2830285586844,40.68920348149838],[-98.3730272650959,43.90856281200147],[-101.80498067066809,43.85093260427345],[-106.2365010596931,45.70658131795057],[-109.65213517471246,42.69991322449117],[-112.9617836727021,41.23152121745501],[-115.12576728526744,41.89527683676701],[-113.2964797657761,43.6331123920201],[-118.69219780198675,48.76524501584717],[-124.47596356532456,48.11599850349428],[-127.26935124583449,47.95231259387913],[-127.67476342104501,47.769445835820285],[-128.19521641593815,50.179545839976946],[-130.52783983390952,51.76090460771795],[-125.60837573561518,51.51489264157373],[-121.79683013427872,53.348172327030824]]},"properties":{"name":"Utopia Adventure","type":"circuit","stroke":"#ff712e","stroke-width":2,"stroke-opacity":0.82}},{"type":"Feature","geometry":{"type":"LineString","coordinates":[[-90.18781846527217,-14.067904813655135],[-90.18781846527217,-14.067904813655135],[-90.97141217042486,-14.983421085859783],[-93.12125321216227,-16.15798185305359],[-95.80233413815907,-13.024240106931915],[-96.38528692599685,-11.216093046884813],[-103.10494900615149,-11.621564180608916],[-104.86780806582271,-8.216722534538603],[-105.13483845183944,-1.1098212911022216],[-105.65262168415724,2.340556629246251],[-107.52121368520908,2.7078230792003595],[-109.45823312646398,2.5343776512431386],[-109.72465304443026,3.5535828601940906],[-111.4448724633298,5.230484825712797],[-113.6089089933322,4.963509718054133],[-117.35681847065581,2.973964578628866],[-118.64128395340758,3.5129237290500566],[-118.44350763009683,4.422580326619431],[-117.87491469611612,6.219775659604318],[-119.36265284951894,6.456468893534746],[-121.47696996883577,6.495305816317324],[-122.29889328694895,7.835597400000362],[-123.60974956693356,9.870564124496777],[-123.25346399673596,10.641930657071033],[-118.99075123808778,8.666441820083122],[-117.1656277002154,8.314507880322719],[-115.8124324711001,9.029539915114487],[-114.76888789315528,9.257362879819421],[-114.34377981325306,8.556993304578072],[-113.22679931207867,6.895325920583434],[-112.54674856543382,5.3271523889748575],[-108.66096065839983,4.483250102624834],[-103.61775780206014,3.9473413752831323],[-101.63860112565801,3.271006118049913],[-101.76286690306901,0.8954660445616529],[-102.44013461006861,-0.22270856615845425],[-103.16524939087152,-0.3181815453416892],[-104.0784219657015,-0.995540002308557],[-106.97131667433541,-1.0295243381261194],[-108.21059183505547,-1.8744677474329894],[-107.2855914662764,-3.8207078659013725],[-105.26631688159513,-4.905229839960601],[-102.17688998525715,-5.521527673486013],[-100.43138002214681,-4.72597655003187],[-99.74244261944803,-2.7832051952095114],[-98.96407343044325,-1.487131846884271],[-97.77574262773607,-1.7405141415987657],[-97.08499948814656,-1.6840640829277866],[-96.58748154887472,-1.0168071150608053],[-96.06414287910175,-0.5018782111510394],[-95.44072374827289,0.24250368410554657],[-94.73597760832286,0.5121284034832652],[-91.31719502286875,-0.9194073323888183],[-90.41237531295643,-1.8189153769740631],[-91.2438829313644,-4.134067189200643],[-92.54810790052335,-4.578061124277408],[-93.43984946182132,-3.681885234376452],[-92.6171772337793,-1.3914010122895082],[-93.02834154281229,-0.09758489937998505],[-94.506512151817,0.45028973346094325],[-94.83054275344935,1.2888579265043916],[-93.62762185429844,4.4248839640418645],[-92.41866715584095,4.832260322491826],[-90.60662478293021,4.0883573416177725],[-88.47925193887193,4.664175930501229],[-86.71597915170119,7.884820343257856],[-86.08415880766415,10.20289993397667],[-83.08487590991272,11.818745376282415],[-77.75331746481761,8.539330751063465],[-73.21679501709252,6.03676810733001],[-72.05011258587314,4.09314380200313],[-72.01841244904713,0.22212533753267927],[-72.92208780361632,-3.080212161252854],[-73.6797221761862,-4.076417329711557],[-75.67592949259918,-4.752822614767226],[-78.88156271669212,-4.447883896324409],[-80.10938313260124,-2.969194121409199],[-81.79460352664965,-2.1134255073730888],[-81.39211532364311,-10.28235971804259],[-82.58768493798692,-16.419667434002342],[-88.68886588795054,-16.666018700064193],[-94.23320374136226,-19.820807209657517],[-98.16658504513734,-21.717745704027543],[-102.47257966140184,-23.742849156679398],[-106.98625732587473,-25.009591757803115],[-113.65203912452387,-30.743830564746816],[-119.17372685961604,-37.869628502789276],[-117.83064953737644,-39.08616206656911],[-114.87874637226491,-38.21904911371354],[-109.62413509188106,-31.801486339601425],[-107.377000590372,-29.572745234857088],[-105.13567430580446,-29.678250993550115],[-102.46231585369038,-30.38889619972415],[-97.11968513913781,-28.75941232281786],[-97.56199946389184,-26.724665974219562],[-100.46237321710598,-25.92212449538468],[-100.51991447964134,-28.306409873839804],[-98.21302040949034,-28.02368400300321],[-93.52513321960824,-27.821219992353022],[-89.09678181828002,-29.754483364017133],[-85.55921256317947,-27.91619359785382],[-81.96937517973336,-28.45234731289755],[-82.95530855446059,-34.46828973195855],[-85.26262977612139,-35.33550938597979],[-88.56665672378618,-34.36023109992876],[-85.62109787967097,-36.75466196989917],[-83.35559596776662,-40.09279197229141],[-82.41478601020054,-39.437748615181825],[-80.69463117557618,-34.69771130007446],[-78.9743931327217,-33.11419924784091],[-78.61849266074402,-29.23340477106995],[-78.13680014859672,-24.540313057311316],[-78.92463731315048,-22.509172620525476],[-84.3125503232071,-21.970882273965294],[-87.02465587853624,-21.635832395879397],[-87.66535536914247,-24.070973744346837],[-86.45604597240049,-25.00060519758385],[-85.10596308100975,-21.14080213305367],[-86.6698707901568,-17.810166935008354],[-86.42813807810433,-15.952800527888131],[-88.29449251092583,-13.014198373216887],[-90.18781846527217,-14.067904813655135]]},"properties":{"name":"VCB Initiation","type":"circuit","stroke":"#ff712e","stroke-width":2,"stroke-opacity":0.82}},{"type":"Feature","geometry":{"type":"LineString","coordinates":[[-121.18989304751278,16.73585702935633],[-121.18989304751278,16.73585702935633],[-125.9532361403007,13.901885366644425],[-126.29797400944275,10.223523673632283],[-130.01569986612276,5.567964764748541],[-132.17923180619323,2.3106664491464937],[-129.76217541685776,0.05677753007281083],[-126.68180093153342,-0.4350894534364098],[-122.88438289942104,1.4996154403032378],[-117.47510255882139,-4.120909959025234],[-112.37010757666441,-10.916608577053163],[-109.42281521537728,-13.31753525142601],[-107.31884472220362,-11.492579118589832],[-107.63314888981914,-15.641793444609837],[-103.87783152488815,-16.5961353499235],[-102.91239342946034,-17.4839591576266],[-105.3060982604509,-22.15750283987458],[-105.58559193624201,-24.028069524501845],[-107.08300246072652,-24.68288090678348],[-108.98349262141988,-24.99223589924307],[-111.77150055663408,-23.65876333909847],[-111.95937080337072,-22.602094919687303],[-109.29959060769913,-22.004965388031835],[-105.96285331874209,-19.609232563695947],[-104.86542570279653,-14.667258942557774],[-101.86485368973541,-12.823384673308714],[-98.91264358162817,-13.003499522237087],[-96.1906531528109,-13.486980462660553],[-94.81812232670767,-16.1759206781324],[-98.48892886050646,-20.328321189974297],[-98.15441821239173,-21.824023656740692],[-95.44845064356758,-20.684711160324056],[-92.56850356887394,-20.357222571486112],[-87.71209557092811,-24.04746630272983],[-87.43184299396934,-25.31211241316938],[-89.55993222936483,-26.028030818481973],[-90.64478572938508,-26.248849609420994],[-91.96784036972537,-28.853699069444588],[-90.16904201756745,-30.747963314636237],[-89.94447563686673,-35.609191517552865],[-88.45558006039296,-35.67964235429377],[-85.30258955968166,-37.06491935854653],[-83.4846640648961,-40.049237640207295],[-82.45659327481292,-39.41992142026719],[-81.52004885636434,-28.39971366328028],[-80.38861439027568,-21.35649826925537],[-81.16152499361452,-13.69798302158887],[-81.68774160624739,-3.572575465224144],[-83.72850738508924,3.86249254007099],[-87.03313434915043,6.705613651512746],[-88.39614577151553,9.184394234238287],[-91.2669517507771,11.008523021084955],[-89.40121692939749,15.977812116886586],[-88.66125124418036,17.91171178087422],[-91.40133955211218,19.889948489723846],[-92.21329868917222,21.58483273183034],[-91.47803997605084,26.78269304224566],[-91.14147610353815,32.079547463822976],[-92.84522123357408,36.32722823543543],[-96.09725629484234,37.65381907153777],[-100.24312139768281,38.91386887035951],[-105.06041350223335,37.86999010034339],[-106.72260641168616,36.52601274082238],[-109.92358354857734,36.48157951365067],[-111.75023631296925,32.923145254882066],[-111.65235616657458,31.14080199556744],[-111.26076594576452,30.301990530734724],[-107.67845396772171,28.929914149427116],[-104.1798893476393,29.820701017282108],[-104.0340168255902,29.658775495400395],[-105.22520229801319,27.056322523208472],[-101.4499095615385,25.106384597781805],[-97.89441379422847,23.48867383311461],[-94.75108671418,24.79301241563205],[-92.44392548164058,26.9636803756839],[-89.99902709454915,28.345653490385804],[-87.49666422443538,28.132357003168952],[-82.29895613922947,27.21670542984961],[-80.29731135368507,30.094675311449976],[-77.78953599863684,27.953309699559437],[-78.24486633503747,24.218865164958537],[-75.20406261975506,26.117417141247714],[-75.95515135779172,22.041034236693022],[-77.61915248516578,19.490998847556163],[-82.40976515279121,15.553052470902223],[-87.36681485904707,17.19623902779616],[-94.7923733826839,18.777643649354324],[-96.36122835139334,17.6678611725519],[-97.37396486463008,17.100101937299243],[-102.4354117776649,17.0920185928837],[-107.8550584398408,17.675928497403234],[-108.5201981322911,21.778790430231524],[-112.00102714530473,20.94454125949322],[-115.2543954713904,20.2454396675368],[-118.71976628822583,19.298521527479338],[-119.12649350498613,17.227241641121886],[-121.18989304751278,16.73585702935633]]},"properties":{"name":"VendettB","type":"circuit","stroke":"#ff712e","stroke-width":2,"stroke-opacity":0.82}},{"type":"Feature","geometry":{"type":"LineString","coordinates":[[-90.78544785989067,14.799966729899921],[-90.78544785989067,14.799966729899921],[-84.81745026836185,12.77272341338637],[-80.90335065329238,10.49992275491013],[-73.04212805635801,5.184695811902313],[-73.70300856255129,-3.097000494256269],[-76.41946700115618,-2.939905316005259],[-77.43880251198881,-1.1006197894309402],[-77.07605861723019,1.3650389782672754],[-79.6734471940174,0.6792497599538656],[-75.75931023383275,4.93124350688748],[-80.63330814285217,8.076026158974049],[-85.01823181737795,10.725692077839291],[-88.10951743681943,9.103221035661415],[-94.87784592070837,11.094272049438029],[-96.1282399485894,8.985247356005797],[-101.48070272914696,10.851204329123409],[-105.16617573071517,11.377889476008999],[-107.41672599718852,9.16000419449971],[-105.83457394515477,6.528101537549326],[-103.70433810786037,4.666378710784113],[-109.10958000066539,4.673873634978724],[-109.93029593561397,4.070515111507098],[-109.99557968004166,0.21222021478463304],[-110.39062992359032,-4.642840690575987],[-112.13619078032632,-5.182887759551221],[-113.8102432699408,-7.967000766969049],[-114.20289497312666,-5.917455291584506],[-114.30938726361951,-1.488233597851691],[-120.4118494262298,-5.185479789319704],[-119.90958179812591,-6.731830790392255],[-124.29066016832353,-8.145612917859902],[-121.97858373872097,-14.957150432302877],[-120.45656948728465,-14.30051526643968],[-121.63823289580719,-10.526341482414383],[-125.03614597114877,-3.5907689398973144],[-131.76187155861732,3.42466435123991],[-128.64916618524182,7.986565765586159],[-122.16665794359605,10.206581519088964],[-117.1550901115651,8.353045560456625],[-114.64793956777798,9.270330418602617],[-113.91965818348604,9.058887553274394],[-111.08964904179082,10.910114457382567],[-111.8563694044427,13.879232743669329],[-106.32829680111934,14.39002066039056],[-99.6912104158879,13.794713305347265],[-99.17416102792824,16.858708776112373],[-96.25213768156092,17.456084100733833],[-92.49750594890067,18.58174505490252],[-92.29807579745113,18.276396432167914],[-92.92001328071115,15.515117765959879],[-90.78544785989067,14.799966729899921]]},"properties":{"name":"Vinewood All Stars","type":"circuit","stroke":"#ff712e","stroke-width":2,"stroke-opacity":0.82}},{"type":"Feature","geometry":{"type":"LineString","coordinates":[[-82.82288907410913,23.67483139823865],[-82.82288907410913,23.67483139823865],[-81.57273257709406,23.21538911955009],[-79.79799831667506,22.07610146938439],[-79.121968342613,20.487706911793225],[-85.2309869807183,18.813682364010937],[-90.60223736320546,21.42251500497011],[-91.84243951157586,23.4529085159104],[-93.77664082985758,20.096440554517038],[-96.7652214408993,18.93286917303354],[-100.12323918425682,18.78459800485532],[-96.34838096432286,17.21130305390492],[-93.06957569954858,18.789821640457003],[-89.3784030857035,16.652003765478273],[-91.0366162184755,15.065614805503568],[-93.6551787593628,14.696357915529688],[-93.84913200095666,11.055231811625852],[-89.53033473231423,10.02534702990103],[-85.898877467427,13.013880770813016],[-77.12130843897879,7.734323070725993],[-80.63373355407515,5.405255315475024],[-85.50296001085144,4.353393155751893],[-82.84061053775736,0.5272748484824419],[-75.89318112018492,-4.947872315175516],[-74.39180154315451,-6.932752623180598],[-82.00843839033772,-7.9631155123830855],[-90.10526498363893,-8.793652450823464],[-93.1723107945231,-9.690610234674915],[-94.49768201958511,-10.470285074303844],[-96.38477048006435,-11.216286058458953],[-103.11016203804903,-11.669441721164114],[-105.13066080439458,-3.470702355141471],[-105.78163686343731,2.193486517153552],[-117.78427702083528,0.4517963854880058],[-135.66686577641244,2.2327929283394408],[-139.1544431250173,7.553730814288043],[-135.42715945561767,7.510515722924321],[-135.2491840463513,4.6491616955159705],[-132.59510193633832,3.16489545268975],[-129.84055141892952,5.288711060681858],[-127.71690908439325,7.52381613642503],[-127.66323712758825,6.20852056260254],[-129.39998662679216,2.5492908251517665],[-128.30024339667435,1.5225252123278672],[-126.87364803658214,1.0466510034553416],[-125.04499501350628,0.554079582947244],[-123.09422994475685,1.6895162525175742],[-116.64809435753236,-4.667186226902903],[-110.46625038051722,-13.991802934731838],[-112.47622897398826,-23.07328238977714],[-113.66019429838049,-30.74552141036647],[-118.00744982590696,-38.997838952111806],[-114.99629288097597,-38.161781327959226],[-117.17429900225667,-34.673334336412445],[-118.07314608639273,-38.96791490166028],[-114.8766399638042,-38.21870632990036],[-113.3612486684376,-34.989076380136865],[-108.51750902527834,-28.403904713223113],[-99.29696926164675,-28.353358529184213],[-91.74140638887089,-27.511104051836327],[-88.8770026742927,-24.80620118629716],[-85.69984708390278,-22.027068312903694],[-76.85391356583986,-22.785629334017806],[-71.45862206210238,-18.015432771496485],[-73.49576556294441,-4.209392710855774],[-75.08344148744392,7.391664953790882],[-79.64484591178426,10.157854644129648],[-78.74507806030675,11.543772640517934],[-78.64051590347326,13.920194438041689],[-74.03491996203576,18.13818023368042],[-76.85880140138343,21.40211920295858],[-79.62932380353999,22.22960718295865],[-80.92089786460559,22.96816699896904],[-83.00611846401127,23.976450275301826],[-85.09551965048726,24.228883729847407],[-85.12765036661756,23.439775292395666],[-84.34408178607048,23.31487134533908],[-83.22572840684882,23.80807473053774],[-82.82288907410913,23.67483139823865]]},"properties":{"name":"Vinewood Bowl","type":"circuit","stroke":"#ff712e","stroke-width":2,"stroke-opacity":0.82}},{"type":"Feature","geometry":{"type":"LineString","coordinates":[[-123.33655983112217,17.62670294569166],[-123.33655983112217,17.62670294569166],[-124.79278915398578,16.31057613538432],[-125.60195143606784,16.827070207033962],[-120.55679085462211,19.673490276959356],[-118.59417037317749,19.71668756062719],[-121.81505433490786,20.891089329948805],[-125.39026633849222,21.066557914179235],[-125.62241375781181,22.363766208016923],[-124.33416698407922,22.600921376422956],[-124.06992325660943,23.806439988908373],[-121.82113200470664,24.42573336258631],[-119.42342293656625,26.577845869319923],[-118.09061843729008,26.61746772813766],[-114.01545136139194,25.337942840170136],[-110.60750624872762,25.11811859613948],[-107.61622179270515,24.26274524337039],[-107.0802787735659,22.719820165360886],[-104.02636988406859,21.171439761699563],[-99.88048835986302,21.89523660416488],[-94.54686050857813,22.81957625759349],[-91.85906128966116,25.73324116842733],[-91.85778253890084,22.714677806294752],[-92.62387967577581,20.371970055389117],[-96.02141192886994,18.562811893621223],[-99.06066656745836,20.00913973085316],[-100.66049606628312,20.3084103599401],[-102.22025143981061,19.7542564230152],[-104.165735342254,19.190078015328965],[-106.61759818532809,19.328552488918387],[-107.95959317793681,20.1128931605661],[-108.18639623758816,16.951153808527934],[-114.47804691667326,16.35776570455855],[-119.06309363922594,17.201030769833658],[-122.09107333722632,16.750981398787467],[-123.33655983112217,17.62670294569166]]},"properties":{"name":"Vinewood GP","type":"circuit","stroke":"#ff712e","stroke-width":2,"stroke-opacity":0.82}},{"type":"Feature","geometry":{"type":"LineString","coordinates":[[-113.40731535961294,27.339228195676263],[-113.40731535961294,27.339228195676263],[-111.6254615987316,30.65442806841009],[-112.69880317030112,41.215818092095105],[-107.72020144302948,45.56547623227022],[-100.37384105139998,44.23279132783529],[-94.20373955924312,41.04973465454135],[-77.79501002203743,42.13543113191799],[-74.01800788354929,29.086996077258036],[-75.4718417915821,26.057725428401994],[-74.96601030480139,22.392508093010566],[-72.0752719224034,41.410268998376864],[-81.2633531517346,49.07403334164542],[-82.7733434919772,48.88351413358244],[-82.86508590188922,49.236400379916844],[-84.88154450259054,50.430120968976325],[-91.75059692797907,54.2355894485218],[-99.68804066910036,56.605753781474476],[-106.26632944028368,56.73355888442467],[-106.84550898550249,56.392148330567196],[-106.78039989361584,56.085331712252646],[-112.49588254136171,48.70071628583901],[-111.34203381742938,44.40613810037396],[-113.29945161421506,43.63841720408841],[-118.70481307543879,48.74811709323814],[-127.48572678980209,48.166939989028464],[-129.00475434919952,50.80370120830445],[-130.9143559516736,51.858441279821164],[-139.08470962100654,50.08894575600267],[-131.34312159157707,47.71649190851153],[-136.21908985747746,44.43338355036724],[-145.66034369608983,45.25351490460667],[-150.00513716010076,38.6906182827295],[-138.5613234187328,29.54875055022554],[-132.21361633461785,27.096282683745233],[-131.99826997751126,12.707329171667553],[-127.51510503070197,8.933903513548195],[-124.74019043054334,10.66684512320346],[-118.8563260196589,8.186724090048475],[-121.56727267193159,6.146612251804696],[-123.13558674744014,4.758967455064796],[-121.67578395996817,3.274092674104624],[-117.5060278120998,5.657174429563171],[-117.83822679410187,6.996966985050259],[-113.3550506893197,9.336674607008144],[-109.49205948171866,10.81803955633906],[-107.182710593131,8.706609062296701],[-105.82502999278864,6.526198641188032],[-101.20448744787045,4.017328021130679],[-100.24751043986151,5.308355949740516],[-99.09257568103259,7.209485050680266],[-97.09100897099007,6.091143770374665],[-99.73001830672402,-1.1162124564932618],[-100.6805687750653,-0.7773553424016839],[-102.49739827159766,-0.23479898126127452],[-103.15244489200555,-0.32303161812319914],[-103.29927915813562,-1.1663450034487628],[-101.37161981905248,-1.7710850946196128],[-99.91519732036551,-2.679712449381844],[-101.33108261148529,-5.611262436634188],[-104.64653556127628,-4.789214097208408],[-110.651477055492,-4.6758558303821935],[-114.7299671017675,-4.548029556799577],[-119.49819295289942,-1.7156224135776874],[-113.11107681590613,1.4584396115492773],[-109.65045055850463,1.1936066217739594],[-105.76263848819072,-2.2411893109023993],[-105.78004719270045,-4.850659191709216],[-105.65979038166523,-16.559780280080467],[-110.13134665852168,-21.481312426847126],[-112.51779099862758,-21.863181764368534],[-112.47404455574681,-23.076719914064448],[-112.15106579952347,-24.37880644291363],[-111.39043585863013,-26.846705016468988],[-113.35023032384662,-30.7900036712757],[-115.4205020430751,-33.41888405448579],[-117.74090697737043,-35.89419465292292],[-116.98884477041,-39.15231582400417],[-114.1091929355336,-36.77552699923898],[-112.75557882090393,-35.18300256328283],[-112.6209072996546,-32.82201532579609],[-117.99015523463093,-28.232627507003755],[-113.92176707866291,-21.393089150864704],[-110.35662844809843,-17.452144486656543],[-111.02488218727778,-20.256569497855082],[-109.12971292850206,-21.892005069539024],[-105.80832165773553,-22.827213067029774],[-104.36399225148789,-23.897655886248387],[-98.5393380122547,-21.969982515523668],[-94.99799561746256,-20.34395571306922],[-90.31864327782414,-18.523140821515668],[-85.64600132715793,-21.993121715983406],[-80.42764064212835,-21.709948257967405],[-80.87695551983444,-16.692800539873062],[-72.07710139911705,-16.83422128509754],[-70.21439139057519,-19.61351732061162],[-57.76411238151855,-6.665408137150298],[-59.73939053359035,-16.058443920056135],[-60.86205592387903,-16.88253279698838],[-62.963880675875,-27.454467917355508],[-64.14626133275584,-29.868691946324645],[-64.20442916473843,-35.78638276897925],[-72.79635745626558,-37.147024493776854],[-74.42739300421968,-36.42623653549292],[-82.31303776574137,-37.57609806719371],[-92.19312420709979,-38.49903196616873],[-93.37849511700651,-42.45473166622113]]},"properties":{"name":"Afterglow","type":"sprint","stroke":"#4dd4ff","stroke-width":2,"stroke-opacity":0.82}},{"type":"Feature","geometry":{"type":"LineString","coordinates":[[-143.27559731994128,62.09838608853193],[-143.27559731994128,62.09838608853193],[-137.81254664527427,61.471909289846884],[-136.3639248106246,62.02889756085458],[-134.6868851072793,61.43174495344928],[-135.35184960600157,60.68955212784373],[-133.6902512788561,60.35315724997308],[-132.67890467395026,61.06335931672918],[-131.29211728768564,60.562696996452566],[-131.99548319992874,59.943140857565815],[-129.35894857324814,56.24166119151432],[-123.23470701005941,52.914730320388095],[-124.98015009421101,51.71679737926593],[-130.82223494974727,51.68203202328438],[-127.66047044055185,48.16321715746814],[-124.23472870890016,48.50180511103797],[-123.16803246214657,48.21034993816117],[-113.0740702464762,43.593489503736336],[-112.4403284280397,43.86075997482942],[-110.94512898420382,44.9827477288718],[-113.60748067518627,47.219481283696055],[-110.94073751684914,51.90093115868552],[-106.68788138447042,56.17441087352991],[-106.70793887708649,56.62874178191333],[-102.1783615584057,57.06904549294083],[-98.01156105430965,56.42368442202709],[-94.87333969774237,56.930764064263286],[-92.71415304344411,57.88946200803527],[-92.28320311416984,56.15806042228048],[-91.42760078997586,53.94697855947545],[-82.99114050483062,49.554294458688595],[-82.853763503806,48.8915303806921],[-81.16866252393994,49.05591245081392],[-71.348877405484,29.146279888688714],[-75.29171783510645,22.645525288285416],[-75.68476176633772,26.41629797473653],[-72.7509695228489,31.260964581041954],[-76.5796773677092,38.834879291978005],[-94.40010903496807,40.889477222925855],[-92.29690682075683,35.21570262181643],[-91.17241373304223,30.598388415486745],[-91.95883125886596,30.28843889002248],[-101.44021978782642,31.364730812974283],[-104.0226739265833,29.67369211231076],[-104.43299031423436,28.660462382870957],[-101.84067519381456,25.25708502446237],[-99.41286703492953,23.404767448582582],[-104.76271196834414,24.7136957815326],[-107.99195297011731,24.575276372277838],[-110.83225422528788,25.063267132759886],[-111.90062917337566,23.40364894863593],[-117.83929918106752,26.7210439801595],[-111.51556319473956,27.87465470136743],[-111.64753828368984,30.64878325915592],[-111.6813928190025,33.204978517925866],[-110.46781936204454,35.917379944654016],[-105.74706046997727,37.39025563176656],[-101.69883497216668,38.46563447786585],[-101.38496676715229,38.27960374996583],[-101.06430409491824,38.29817322770823],[-100.15268117337006,38.86867407432253],[-95.35844291907941,37.02906283246884],[-92.45639902486634,36.04474140295871],[-90.94694005798138,30.167293732443373],[-91.6371705755132,23.515961976615706],[-88.44463177283775,20.089852721300364],[-83.39602378380503,18.49980955079978],[-78.84475096132434,21.91744095011918],[-76.47737977019729,21.474889276745113],[-75.3010760178963,22.793212258235286],[-76.17087816383058,25.7125357359689],[-80.2725327590278,30.172269406455257],[-86.84073353969754,27.86370874484478],[-87.91037037651579,28.444375025327766],[-87.46853499943096,29.98528794323985],[-88.50534669773545,35.531291113260565],[-80.1072759351446,35.580300103444074]]},"properties":{"name":"Apex Predator","type":"sprint","stroke":"#4dd4ff","stroke-width":2,"stroke-opacity":0.82}},{"type":"Feature","geometry":{"type":"LineString","coordinates":[[-86.83704474965772,-29.98468879702005],[-86.83704474965772,-29.98468879702005],[-86.29695272000261,-31.84313321527781],[-88.73019276768582,-29.82030220839873],[-91.75478900443787,-28.819542090923328],[-103.08064955644984,-28.834094561549257],[-104.09120631849133,-28.3171086231241],[-106.5256953300602,-26.32847178575242],[-113.47614550453514,-30.9249398750986],[-118.79072915691552,-38.094346771394214],[-114.77195835576114,-37.59819460252718],[-113.36494080539737,-34.9895937203032],[-111.29574865810633,-29.24987375099704],[-104.93924496280486,-23.582050867897067],[-105.67202866869528,-22.706271325653333],[-107.36727057030211,-23.2189544152481],[-108.48843658858726,-23.820268394874162],[-110.58980752259484,-22.81953711301084],[-110.89028827727452,-20.285911641004482],[-111.89192870297961,-19.81897151422281],[-112.82316596406221,-21.682466089393685],[-115.8113973580166,-25.083617802042347],[-106.48650548570794,-32.04601631958269],[-92.17932516963799,-38.42984962077596],[-92.92283599190431,-42.538835961265875],[-91.86904174421983,-39.87435554106003],[-94.18271180815726,-36.93525720471612],[-88.42264158346825,-35.530620278824856],[-82.04491595309578,-34.35633816046966],[-81.50503527528357,-31.111973484864286],[-78.90530373630705,-31.390053519983454],[-79.0126961139575,-34.82061875975053],[-76.57147787230295,-34.88341758421331],[-76.2959372425399,-28.295617227320584],[-78.44567418082798,-28.068769332950936],[-78.08379705703884,-24.912649422145336],[-75.07368920765822,-24.15590881094699],[-75.58141162172424,-22.397614786079522],[-74.51597608133105,-21.6540320678658],[-75.75354221994422,-16.19237719464627],[-85.51800363578202,1.4536037351535018],[-87.5464440114339,2.474485582825526],[-91.35351070766646,2.4425759281269315],[-92.73016861658758,-0.212115395044286],[-94.9835158842473,0.817712668507447],[-93.29405862121288,5.558270298676702],[-92.35504229492187,7.4158081396444855],[-89.89349441903866,7.0356379774962745],[-89.5929065733609,9.603704204334704],[-91.89780675936692,10.467379756379046],[-98.3942570043385,12.753942891592574],[-101.7170202429936,14.603800850582207],[-101.91572473688683,17.070999348276935],[-107.9142219700261,17.161918904427488],[-107.80332938937764,24.662265803941626],[-111.81802218824248,30.227955085008336],[-120.14331715326153,31.090760814924945],[-126.01425496503637,27.2796387606213],[-130.1573197310718,30.2532405748628],[-132.21977089001612,27.317427371157073],[-137.48489608581897,26.68468847990588],[-141.74881221849736,31.846709054374926],[-149.91137296522288,38.93139008746789],[-146.26478291560917,42.5492463845452],[-144.36139770782762,44.9040656697679],[-138.0176336152825,46.02329036495651],[-135.34582611880458,42.6956545577995],[-133.765921671862,45.08122815119065],[-130.0011851794016,48.893152699487054],[-138.9149790866837,50.23117245525742],[-128.14998885036226,51.35945498633295],[-123.28084055146823,53.11347789654878],[-124.02939694443228,53.49586477598496],[-128.89050663450843,56.069102185708154],[-131.90595443610488,59.934756529467705],[-131.25679978318766,60.70444641637212],[-134.7179220266985,61.66521274609197],[-136.45831133343518,62.06445860435152],[-137.73192032390722,61.35246413114993],[-133.02381032501458,59.893481336513176],[-134.2078061329231,59.03978956025159],[-136.55549431103037,59.79226200798544],[-135.92509712876728,60.496617382557154],[-140.09171895949032,61.645121730203314],[-140.9581364657481,61.152255503505856],[-142.3541518404535,61.59483414431669],[-142.20375490258354,61.941827702054866],[-144.53537597126623,62.64572914845673],[-146.54219783765194,64.7273796640096],[-142.84183758821231,68.85791796638279]]},"properties":{"name":"Black Rainbow","type":"sprint","stroke":"#4dd4ff","stroke-width":2,"stroke-opacity":0.82}},{"type":"Feature","geometry":{"type":"LineString","coordinates":[[-135.42525492008747,18.388127147494483],[-135.42525492008747,18.388127147494483],[-136.12115385975267,17.1536512559002],[-128.9840162812742,7.946664001157252],[-131.51880372538986,5.042345902800534],[-134.81879509668238,8.11472527177878],[-137.65745341163944,8.69316483817928],[-140.22532418068246,6.423435100303118],[-140.107025242562,6.16574601563159],[-139.9338687179485,6.3289506722321365],[-138.4298590794062,8.020674325070859],[-135.5296423736911,7.759335023116887],[-133.75524529000614,3.5436637102979773],[-130.77611595611336,0.8192922827201734],[-126.20908124334035,-2.8932540880761835],[-124.27035793949783,-5.166467168683088],[-125.16484297148618,-6.724740586728739],[-123.80730671902305,-7.815946301018187],[-120.5516313192439,-7.2293625985081285],[-117.57004872079986,-5.331766353486973],[-115.31455059654117,-4.652930313478095],[-113.01254758122161,-4.769468056555091],[-112.01565942911093,-4.015795800119308],[-112.01172364556191,-0.6298253891191621],[-111.83984161762262,0.4925061177657799],[-106.15569427104536,-0.7006987145407866],[-103.93579759897685,-1.2708525868977105],[-100.98712136882843,-1.7477685197782673],[-97.08445117748279,-3.2840333986088552],[-96.09715858590518,-2.598412226390808],[-95.05394393887349,0.15881142039737028],[-94.43842553984484,0.30960327628236506],[-92.85305053874657,-1.4164035838170825],[-94.55752843369521,-3.9342960097713657],[-95.43657382786142,-4.222649971484746],[-96.45477867056928,-6.892038271737373],[-96.44406696946669,-7.988214120957711],[-96.05403172861637,-8.92979348309884],[-96.39655465628239,-11.218723553559864],[-103.11023010375241,-11.94089449698401],[-105.86058626384678,-12.95226217442019],[-106.6404181024507,-20.061201199905653],[-110.02160915807877,-21.778954987400454],[-115.35632216404517,-23.453306083157443],[-92.13230358005056,-38.13264112851615],[-79.61778010569971,-37.37549713764208],[-74.833549832225,-36.71364051595253],[-74.6131998874442,-36.51961951809417],[-74.91028707948976,-36.46447576945391],[-82.35280563843375,-37.53782899140806],[-97.984391063179,-36.73010916264985],[-114.42506118006716,-22.898861835570855],[-109.95670174482935,-22.06375161864421],[-107.51254432365884,-21.1662766210519],[-105.47782595997504,-18.646880775731226],[-104.86380409439933,-14.662131939016954],[-80.87621305317677,-12.287620740823508],[-76.27300314467193,-6.881085748521066],[-82.84660288114766,0.5236354123636637],[-85.40868729573316,4.31264218871812],[-76.88296131140004,17.309411458547153],[-74.96858624011028,19.77709223143234],[-76.39904639394538,21.561858657313564],[-74.98015296062842,44.95555318550334],[-84.0655061461296,48.59426253144419],[-100.64469857008606,44.8022944263349],[-97.26550964931766,42.49389033612046],[-94.38525865620466,40.566019300343434],[-92.8767239255054,36.345388050933465],[-97.77767453729079,38.312147123244074],[-102.00163072973275,38.545914153491964],[-107.54848215511845,35.99970932185203],[-110.7384603751569,35.38726941229258],[-111.5768186538441,33.43274376357462],[-112.44623681782451,33.701846599778534],[-113.4706229690957,41.35322913566573],[-114.18888300417784,42.85948167876687],[-113.50499063654188,43.81471386720077],[-123.88071893926185,48.337840441153006],[-124.27310865565435,49.45647357020562],[-124.08418049501245,51.567710303606596],[-123.19588615800316,52.88968303536666],[-128.0243627488431,55.52721826205479],[-137.08643010124246,61.18344763926372],[-144.31157472717553,62.5430310769515],[-146.99686734458055,64.06778599358498],[-150.66594640121585,53.16219814289635],[-150.4212858412081,49.86764968652732],[-132.50827051940698,51.62647664185131],[-130.8605246003417,51.59226884647828],[-127.88612714426576,47.92936260836923],[-127.11089390826604,42.341555264352564],[-129.59499486158188,32.96503207901294],[-136.47818710559892,22.459321284964936],[-136.03285611153393,21.79059479499914],[-134.7606244703787,20.412462771490116],[-133.08159031612504,21.196086709432265],[-131.28995932487933,21.387910920905]]},"properties":{"name":"Clean Lines","type":"sprint","stroke":"#4dd4ff","stroke-width":2,"stroke-opacity":0.82}},{"type":"Feature","geometry":{"type":"LineString","coordinates":[[-50.34937226794476,-1.6474372794075105],[-50.34937226794476,-1.6474372794075105],[-53.29771869712718,-3.1900403071535504],[-54.7371663347648,-4.920026451575229],[-57.84111205601591,-6.559878328452964],[-58.38314470072204,-9.475852829152048],[-59.20260736583021,-12.353029170465687],[-60.70291438317192,-16.592487802261033],[-61.42422706798476,-18.8588784478288],[-62.47082252051317,-22.24177499845956],[-62.88739341782631,-23.903962400194914],[-62.21459147193775,-25.19246201905689],[-63.03394972451747,-26.516149125555444],[-64.17356957589803,-30.776298355018653],[-64.6601920011957,-33.91804769993875],[-64.3753936294438,-35.878560342744834],[-67.1708385724749,-36.80384537266735],[-72.59342507476119,-37.19679782210991],[-73.55588418650827,-36.464499989480416],[-70.4391987370296,-33.48834151893648],[-71.90853014739496,-28.412447468706688],[-72.1892670326814,-27.458219783551378],[-72.90818614181794,-25.5129253710819],[-73.88480124183425,-23.073017257835673],[-76.58890769238833,-22.48407683748151],[-78.11973813539049,-23.008801170017215],[-78.41663100289404,-26.49895662324699],[-79.54488572075513,-28.25910022989536],[-84.04784469809334,-27.797230429572963],[-88.34764191175184,-27.0632956900648],[-88.82341852163859,-25.998398937459513],[-85.91443599042124,-24.616192767590313],[-85.02126647350363,-19.76876139631218],[-86.6589269519216,-17.870803290329995],[-86.42714336923842,-15.7388435494766],[-87.78931614900584,-13.00464333882361],[-90.04469447203915,-13.918328473718441],[-91.62457182676069,-15.730295262711563],[-92.13747971627168,-17.185374851767456],[-91.5742600309607,-18.25134952938511],[-94.23762941869752,-19.785992270032153],[-96.83602566280341,-20.17451412370771],[-99.7929072167804,-17.828182923872582],[-102.27560772076045,-16.290621172499826],[-104.09996690571751,-16.22672772642303],[-105.25113940490847,-16.063805898429905],[-105.2456859642129,-14.39185538151587],[-105.19570997732377,-3.202925260346655],[-109.48692390505119,2.54410195823651],[-109.74764207934034,3.357406669564581],[-110.51592232503535,4.833025392034787],[-113.89519621789583,6.219898404550296],[-119.11252647272804,8.930668596393817],[-124.60987534053811,10.846896182402311],[-125.08788422462582,9.821899773760562],[-124.75458870350859,7.549484497150732],[-122.70442173659725,3.9551351091024314],[-120.5055215787739,3.722399405393096],[-116.97963637758018,4.32629663054227],[-114.41156342850664,-2.8628832989065476],[-113.29869260707649,-9.28947341033154],[-114.407599336152,-11.185914404107821],[-118.66221673276937,-14.712873248933311],[-118.07138999360275,-18.441316929421383],[-117.9492545554938,-20.420385797923153],[-121.98582880141667,-14.700850954791958],[-124.7960537009225,-7.07375054113427],[-128.3669274038082,-4.717070220105597],[-134.02002202427423,0.9327862800118378],[-138.5567333745218,4.604306329713555],[-140.07402665165193,5.906097808357204],[-136.99515340276352,8.433294247494539],[-135.5921158254476,7.900113861233766],[-134.62175753554303,4.150294037387022],[-131.6313752224595,3.6221886353482518],[-128.9675575400795,7.775806938909296],[-129.1497070607522,9.65755451600307],[-136.30470906748485,18.779020937163068],[-133.33633643164535,26.127516463948712],[-132.2208913444814,27.363481644142183],[-137.32962202643057,25.31008903850939],[-138.09655245495645,29.53058464299654],[-141.10891048131649,31.513503447633386],[-143.31880575127053,30.97771628869956],[-149.53630702187826,35.1060334115502],[-149.5340800612351,38.383834480762076],[-150.7812160866161,38.90985442983914],[-153.96254035597286,35.31934490125141],[-155.426162774687,36.18125024577853],[-158.5923887405861,33.722500861075794],[-157.54078570966118,37.561947923081846],[-157.57987648708362,42.97408996488563],[-154.04256839091215,48.47859045448472],[-147.1989786662209,49.97077092653072],[-135.94286768029914,50.89203676729815],[-128.70517038397958,51.40928330597335],[-112.35176192296039,55.947066400639514],[-106.80041736832733,56.35542619314325],[-106.91187702401847,56.023756047991085],[-108.82377961420565,54.37401435620012],[-108.42950234243563,52.96173642014209],[-111.70027768917424,50.83209102672619],[-113.31196165091731,49.539878758529056],[-113.34634420971541,47.55406265852155],[-113.65160113759931,46.44609723291761],[-112.64088717824141,43.85042689991812],[-115.23307729833073,41.82724609730003],[-112.68058477230906,41.20798655630391],[-109.2082883998732,42.88762614162944],[-106.00617622894325,45.477646385287755],[-101.67402921128114,43.81814974534011],[-100.2456627370612,45.25097429731057],[-92.82510978493686,47.379099127679666],[-85.10141113720505,48.500037735282675],[-79.70921550550474,49.0869568935891],[-75.77186237420642,46.07989770545673],[-72.66650563632375,42.177713018939606],[-71.54912322510869,38.16521397467639],[-71.32429594668282,32.2468457632341],[-73.4683793370823,24.027894335875132],[-76.632592045836,21.475807131000693],[-77.45416029009492,20.368194945420242],[-77.61735042044307,19.536430193303904],[-82.86415657224809,13.047381439379054],[-80.66600483573879,10.335684779333377],[-77.23026837992938,7.556661590522367],[-78.19807149094981,6.080453081718489],[-83.82150859462095,4.317421895339275],[-82.18665816053833,2.394111895119858],[-81.87553550804267,-0.10922324797823002],[-81.74273936616831,-6.960665575288619],[-81.34898389165784,-14.40467429665174],[-80.53997057548392,-19.730285840753105],[-81.09721032396271,-23.777477212239468],[-82.44364482765037,-32.65051834660312],[-85.25504450490503,-35.46250628739739],[-90.99969627969166,-35.64845309980427],[-95.13555164597017,-37.17678620205612],[-99.72899276160162,-37.437029656714245]]},"properties":{"name":"Devil's Gambit","type":"sprint","stroke":"#4dd4ff","stroke-width":2,"stroke-opacity":0.82}},{"type":"Feature","geometry":{"type":"LineString","coordinates":[[-105.97862054620903,-1.093720805936952],[-105.97862054620903,-1.093720805936952],[-107.67842608422781,-1.0439815822203844],[-112.55883992428986,-0.9587346769312148],[-114.88562146413325,0.7071732245417728],[-117.18083714513467,3.042674407475486],[-118.87367535720898,3.8916394314726297],[-118.67205029831739,4.315692691084459],[-117.86027536450618,6.18732993561507],[-119.34246370423642,6.458983499807981],[-119.83409886474429,6.511252046287853],[-119.41326776025241,7.125544297220761],[-116.35519468437916,8.74728037017334],[-114.77704380513308,9.358430576869036],[-114.26510866607137,8.420326715710909],[-112.42208963599002,5.315435239396673],[-109.94128544322633,3.8048657061503413],[-109.24012228110414,3.020466538338086],[-107.58612928752176,3.8648592746173396],[-107.99662529453943,5.541534449936293],[-109.27945149680387,7.747618722356482],[-111.75833305606184,12.126972403034479],[-112.06296833777535,14.158775780823422],[-112.35551237811467,14.446986151475343],[-114.4556283948325,14.09684900747628],[-113.72234250267613,13.616028492763322],[-108.77332505289303,14.411294407284066],[-99.7117874477739,13.388273367603574],[-96.55955212258195,11.576368475348566],[-96.68373546232347,8.995337231059805],[-93.81126592780831,7.86766603359067],[-92.98860522982802,7.01761561787067],[-92.73729187292511,4.9400165656965],[-90.58839273653689,5.0609849013911195],[-90.96174781424729,7.101874614330082],[-92.37719085550133,8.045682839749551],[-91.22134474362358,11.147353774726522],[-89.58386742357554,15.533658203578312],[-90.80182005857675,18.21243726283063],[-92.40046045424602,17.99489817410263],[-91.94584039394847,15.176465376310354],[-83.940508115448,12.351810583072307],[-75.54267508781773,7.332321895328544],[-73.03847825961974,5.0600276519294045],[-72.68919078602042,4.469167612769816],[-72.06757580299349,0.8002180973427961],[-72.82768318961159,-3.0907285911413425],[-73.76446109100812,-3.1019338319421887],[-76.51018233375864,-2.861454278928372],[-77.4492295009606,-1.706583887201436],[-76.98594195601832,-0.8601529401155883],[-76.63374092834502,1.0514013029874025],[-75.64586573159129,1.6826680440918356],[-73.87349255633623,1.5428529988008126],[-74.67756119467326,-4.661613869103608],[-76.79947230423662,-4.284462772604126],[-78.61361158702965,-2.283866934307879],[-82.84649305815972,0.5285161060095849],[-84.96321663993562,4.969365892627727],[-83.99611406667874,7.857939748961139],[-84.43232953803445,7.938787887858771],[-87.8355736722877,5.21417294588901],[-90.3458282438715,3.533026515860721],[-92.80257983440855,-1.2888857498953978],[-94.91244315848044,-3.8135394506142077],[-98.52772279887141,-2.4118798640368304],[-100.27476551015681,-3.6602632656982443],[-102.44054905943217,-9.51376664288386],[-102.83136350415123,-14.979526640694056],[-101.05893185038649,-17.39757177034845],[-98.39847994138404,-19.50264124682532],[-95.37397343353922,-20.628502367269675],[-90.17556703769675,-17.844450630250535],[-86.53864292123338,-14.749584541621621],[-88.9872894532851,-13.050995654528931],[-90.04209447676807,-13.927586840792289],[-89.84903260462205,-14.972439215799438],[-86.87438760373128,-16.80373210808839],[-86.75463756357912,-17.65824776683253],[-85.69264002775523,-18.907497548798254],[-85.50420811164172,-20.62062335575137],[-87.02296065514639,-21.669902788864434],[-88.18828790730055,-24.0901046253922],[-89.4997044783483,-25.23097846546841],[-89.7648142760341,-26.009481351684826],[-88.13101158716097,-28.479851392845987],[-90.24888949385236,-31.113007383409467],[-90.75634445158535,-35.582302009449535],[-93.9765129622454,-36.70780785499868],[-95.31987156907603,-37.2129597078039],[-100.78292857446803,-37.40449117024449],[-104.73249799015363,-39.59576633935785]]},"properties":{"name":"Downtown Race","type":"sprint","stroke":"#4dd4ff","stroke-width":2,"stroke-opacity":0.82}},{"type":"Feature","geometry":{"type":"LineString","coordinates":[[-143.5200980280017,62.190840268138594],[-143.5200980280017,62.190840268138594],[-137.50518653988465,61.64100222565701],[-134.72201033675913,61.39867348867395],[-134.66238706051644,60.466391763674736],[-133.5041454090752,60.46651850461812],[-132.04412014626197,60.88049297660392],[-131.31566557196777,60.557455251579114],[-132.08604369763438,59.892257999125775],[-130.52504986387407,57.27764955498648],[-123.20079060486826,52.99962456449698],[-125.67032254716662,51.56445582506305],[-130.8535298802247,51.69367338115866],[-128.0153418708174,49.21045914278912],[-127.5865956148531,48.11633706145158],[-124.21857888357931,48.4588048303071],[-120.9958807316925,48.7651833682037],[-115.74087167708521,45.79442056858938],[-113.38288593602955,43.42794878270863],[-115.15777274425825,41.71347813028419],[-112.63585081552277,39.49513317573508],[-111.68289591382367,33.204914509429436],[-108.85239138091356,36.16693916966494],[-105.9105686499133,37.21418708481919],[-101.40227572054998,38.24537387488091],[-101.04228896384551,38.26895302102445],[-97.44660860459119,37.7582667772415],[-95.50554284181236,37.04939856022698],[-92.41978624748435,36.42439656449967],[-94.63421190252011,41.28200984840836],[-97.65729729541015,43.6814983460188],[-101.88382690869847,43.82111224209065],[-107.76489440436018,45.62168354877175],[-111.75667468754675,42.69570149958109],[-112.95211536926388,41.236499881604686],[-115.06275112832563,41.75751152511281],[-110.8816455562294,44.902753158546396],[-113.6831943359623,46.72049604341934],[-112.2857956795051,48.30748619178137],[-111.86433356079004,50.595644158754],[-109.935323294037,52.14021875005696],[-106.65727525450023,56.18894400362502],[-106.75156598888718,56.622910270382505],[-102.18351745908848,57.053221221382245],[-97.90940833304667,56.40347666899382],[-92.74052772684468,57.919948846643415],[-91.56271119693614,54.12206892153047],[-83.39060014573394,49.87345348363732],[-82.6256453911384,48.72483546294733],[-78.75900768446132,48.760228494988745],[-72.7245946255051,42.253942387701045],[-71.77243203644375,27.726935773596082],[-75.30608383100376,22.6612543218151],[-75.66310070064506,26.466196086822855],[-73.79019760739759,31.68909880876115],[-72.54592305536865,35.23127556183449],[-76.60759832306941,38.95410954797565],[-76.16023400570501,41.52367306003664],[-83.04261297420676,42.00457844848164],[-90.45037834726075,41.75826283700992],[-94.41239657937336,40.81007758261295],[-92.5354689073962,36.416082754332294],[-91.24166642252301,30.59277505438705],[-93.77792930057693,29.101447950052897],[-102.86363976646028,31.459796567501993],[-103.9932157999293,29.709988497009753],[-102.60576707112364,25.924849799455124],[-99.34427265051045,23.41076636838185],[-106.05535315686639,24.74055221508132],[-107.61778327827562,24.25882187580541],[-107.10641714573667,22.708594714559425],[-103.94980051453929,21.181706640684144],[-99.8112614224962,21.941586227173158],[-93.11132031758585,23.482181536427554],[-91.55240764665123,26.00238075382392],[-91.3628295103434,27.609449422900724],[-88.62340484920355,28.405202399182578],[-87.86375372449886,28.55772104658073],[-87.46523788329377,29.989147249984338],[-87.82375878189286,32.270935414424216],[-88.71343173199153,35.4518661200618],[-86.41841881213159,36.21629160993133],[-84.28781898404206,36.83724237986035],[-80.19125389198094,35.366453720605875]]},"properties":{"name":"Driver Touge","type":"sprint","stroke":"#4dd4ff","stroke-width":2,"stroke-opacity":0.82}},{"type":"Feature","geometry":{"type":"LineString","coordinates":[[-45.78760562234002,72.32923899869546],[-45.78760562234002,72.32923899869546],[-43.75769645490636,72.92775430182922],[-41.720076784598945,73.73840813055033],[-43.645155523347874,74.56127153204788],[-46.83344466431936,74.35476317860252],[-49.88099019224711,75.08168114533068],[-51.49379599570619,74.86270931489169],[-57.0119414074116,74.81083663699032],[-57.88344188387099,74.54272865404623],[-55.247743378474965,73.7682371066944],[-53.52312649821629,72.4180450581868],[-49.05485777365197,71.71343230843875],[-47.94428001812115,68.60140631858329],[-48.60490114939083,67.16910876540211],[-54.40145669565162,65.48170231595084],[-56.1126038563712,65.15456371327637],[-61.825459917748674,66.82504367038015],[-65.25747012793019,65.75235008562063],[-66.2316814651706,65.25556680976817],[-62.58825956170731,62.589197062542716],[-60.69669057550062,61.238587928118974],[-57.61142409312309,61.19279107972063],[-52.49296774803873,60.66702904478109],[-51.45227040457572,58.61759557524373],[-53.35313634696599,58.2551263099753],[-54.18923561833391,58.00389789406151],[-57.58376953822987,58.12780517549273],[-67.20864062282237,55.597643800894595],[-78.2262540167439,54.94963128502879],[-88.33773935044528,54.738036237319776],[-94.29943504114154,54.50563264495854],[-102.16644689085955,57.09701105694208],[-112.81805096059139,55.86660521191436],[-123.15026476737317,52.555366799256014],[-128.27016890755593,51.418094659393255],[-130.8301025292795,51.66935036254355],[-127.62393768037944,48.1382631551793],[-124.07478078237497,48.075907050154626],[-113.36236979048954,43.43022761681688],[-115.15250882671687,41.7344050475526],[-113.34239303024223,37.190226324913056],[-111.73908959310666,33.17015054625716],[-106.46579855219515,36.369549773443175],[-105.95942534633186,33.745304864424256],[-102.92869221035588,34.110081877182424],[-98.25016738524941,38.55757502853288],[-92.44851753476075,36.055635655807684],[-90.28173288741777,30.50930846449563],[-78.69748057405783,30.144007378577182],[-75.19879496861799,26.122592307786647],[-75.88580373226469,22.066699484920086],[-77.71736650607176,19.331427407781028],[-86.33530300519253,10.194681740852678],[-88.12948640091534,9.102924609405392],[-89.79635904810046,8.154396430017758],[-90.58516252032724,5.784718643766038],[-92.89189177794962,5.104189665071501],[-97.96159495076998,6.9870462008922125],[-101.03947677936868,4.373514345258622],[-104.55153018425182,4.4188363890092575],[-111.99308787783205,5.420951708925663],[-115.58900223502523,6.038685476155863],[-122.78183897522212,2.4528802150918345],[-127.01681876832426,-2.219485186782908],[-123.69693441740905,-5.129461479771891],[-120.76946712861624,-5.0773494189157695],[-113.0547557508003,-1.207596140968466],[-108.19062036428022,-1.5582004209173306],[-107.71495737570467,-6.669411020304032],[-110.25196802302803,-16.05972912017655],[-112.5681508007089,-21.293899670940775],[-112.46714291582013,-23.07585688451335],[-111.84801048589769,-24.404647686088225],[-95.3923149925243,-27.76440143444448],[-88.05233353480422,-28.564697504644393],[-88.97946757627406,-26.45473541851223],[-94.34694434361076,-22.157635405341573],[-97.93425057331798,-21.633523761477647],[-101.76283121042883,-23.51295634867371],[-101.21719589621094,-24.856037127196196],[-97.81871220058284,-29.225038099324337],[-102.6858418075969,-30.175534540312185],[-111.10240835595923,-25.92694868142766],[-116.32336595715003,-29.751787147565686],[-113.05850014719641,-32.53847849513434],[-112.33055386377039,-34.381348349786805],[-112.49333591457685,-35.09125639764893],[-111.37278461006919,-34.89889552289716]]},"properties":{"name":"Flight Risk","type":"sprint","stroke":"#4dd4ff","stroke-width":2,"stroke-opacity":0.82}},{"type":"Feature","geometry":{"type":"LineString","coordinates":[[-70.20520710303907,-20.145933027879927],[-70.20520710303907,-20.145933027879927],[-72.15490396851614,-16.084895930265162],[-73.31716706730242,-9.71341270516652],[-74.08107927435003,-7.959739772448799],[-74.12858740303446,-7.312683518575099],[-75.47891575240124,-7.267738504147168],[-77.23038226216968,-7.814139275103333],[-79.55279253126986,-9.583394298116032],[-81.42666932064081,-9.074617506947218],[-81.6970936437858,-4.423052538755705],[-83.69519604427563,3.819123777983757],[-86.91060192413788,5.423650048788353],[-88.27978915784139,5.227519082293781],[-94.77774298058924,5.875027055715705],[-97.65767610586185,6.920981481203435],[-100.30969828986517,5.123131389348374],[-101.80841242049675,0.769775500215621],[-102.32395425745878,-0.5928454897891733],[-102.97089456540274,-1.0671520645227623],[-107.24965409235665,-1.0471000715179368],[-111.25711655056271,-0.9888744636390161],[-115.66825762552926,2.214811548334925],[-117.83886147211633,6.16021370359109],[-119.14971879875607,6.494662888010238],[-122.87760990753927,5.40506285147372],[-127.55859145533192,2.632695355008975],[-130.30987007960093,0.742729415302021],[-131.84950321479627,3.256395030479297],[-130.30701672492626,5.051567208455835],[-128.780708514397,5.610406791885298],[-127.88237917379422,5.786102165241705],[-126.24848653482921,7.66645887028177],[-125.00441977141594,9.842263032690497],[-125.65773615954753,14.466717878355016],[-121.48512419542875,16.386832147291855],[-115.43677816165481,16.50061783613951],[-112.343004704932,15.785689558106816],[-112.15628151534429,14.112248688058196],[-112.742481798924,13.710146854298314],[-113.59541766388298,12.308078706754936],[-113.65924553863206,11.811190751131056],[-110.85310425877664,6.6533400122831505],[-108.95792897628586,5.650165114990435],[-103.94620215769196,8.154975248793676],[-102.45638552001202,10.0482667516631],[-101.81565257163628,12.510307128665344],[-101.67239302927165,15.420262054767683],[-99.98207744725622,16.746843666227637],[-95.12399257296329,18.523061767153045],[-88.36387817960824,17.45964932682855],[-85.30063337056325,17.663511109425542],[-80.28509183536251,18.95650875168653],[-78.88527025282147,21.940138055088084],[-76.15360812629233,21.778047054496078],[-73.20683120733685,24.227828117403913],[-71.4712120230845,36.20621767512131],[-73.08979515575729,42.66190283756596],[-76.669149121662,47.314299462814006],[-79.71151397158877,49.15052822671342],[-85.50642483400358,48.56471656929265],[-92.13574535701268,47.36756123344031],[-96.64204300897718,46.85450511990566],[-101.80062621283524,43.83042423792045],[-107.38835771685939,45.76129441501564],[-109.37430494191418,42.849215733312334],[-111.85034120505438,42.65782507256928],[-113.07545966248631,41.26542778848069],[-115.10086854901726,41.82935234467051],[-111.83941956343367,44.07743008135092],[-110.9353431857924,45.00528798074848],[-113.60887502554075,46.54378910888197],[-112.32339808484858,48.260649918480794],[-111.99945694846538,50.53827154109554],[-109.52608493284797,52.25705150675624],[-108.23287117510719,53.23289816662428],[-108.30017574203619,55.406443156456774],[-106.68184277953628,56.30110234194219],[-111.53945419066352,56.27128721074552],[-129.889090390643,51.714845748635],[-140.32072928333878,50.234519842818784],[-147.32872836757497,50.01178077501508],[-150.90192694442854,51.26382596968902],[-146.54475825654626,64.72437600339141],[-141.2927879546313,69.67370481277231],[-132.3786309578021,72.46005732511573],[-117.94392954870536,75.69288819167649],[-112.67332222602766,76.48112815666359],[-110.66546072564526,78.25478800557194],[-109.18667095949604,78.92145815467437],[-107.7363104456107,78.80330302266462],[-106.09497511840573,78.87946825996586],[-104.8775160234318,79.16011946056271],[-103.63171841458586,79.56696033931262],[-103.68569798226481,79.85631502857866],[-100.49036708381963,80.31650763586593],[-99.13534406630177,80.1740386253105],[-95.40311052509975,80.72090170238725],[-88.01682492212342,80.61261143496056],[-47.712265370103154,76.67313975506822],[-44.0753929268386,74.51650375239204],[-42.73077660566446,74.08711400376497],[-41.885544982949625,73.49875686016196],[-47.04531333817378,71.94516297598454]]},"properties":{"name":"Guillotine","type":"sprint","stroke":"#4dd4ff","stroke-width":2,"stroke-opacity":0.82}},{"type":"Feature","geometry":{"type":"LineString","coordinates":[[-32.26364674118855,73.85325847820894],[-32.26364674118855,73.85325847820894],[-38.74147718318562,74.0710702088274],[-46.24973573651908,72.1885515243523],[-49.175834789663156,71.77581309327293],[-53.63425053180994,72.48936029227336],[-53.674087353198665,73.33717162370488],[-57.79899230343414,74.61387446068296],[-53.06640583824982,74.98230548715397],[-49.88769421553689,75.064519803117],[-48.47847322088909,74.54404112298921],[-43.29599595579216,74.54464033491188],[-41.55982091725712,73.50994598113253],[-39.25279285216017,72.37112659605687],[-37.72690605158896,71.60567650402491],[-40.226223415128416,70.38550978543239],[-41.324158583663795,69.70599389415132],[-43.89898206819401,60.21533153452089],[-46.75784771271921,58.717161849568434],[-49.76764967931869,57.749850659122586],[-47.06903381227151,55.747908709733586],[-47.82791184112981,35.544624095742485],[-49.45655828649424,34.05336513931573],[-46.8875181183051,24.190997631648123],[-70.34633712847786,-9.685812006805532],[-76.29842863552108,-20.048324600833283],[-73.27097534351032,-22.535765478729125],[-69.63731247506689,-21.500794847743265],[-71.6974685184764,-17.509251860637818],[-74.0405459896759,-5.997415769374275],[-72.95206602440244,-3.176803281654772],[-71.73281671560719,-0.27425363093058586],[-72.71261146365157,4.539399880216406],[-75.71909965223333,4.844652271801994],[-84.22447827103349,10.179459601774695],[-82.91063945590068,12.847962365535711],[-83.79569675511868,16.082421701116633],[-96.50049070214645,17.367597986493173],[-97.59930522822087,14.47619887743437],[-98.42905700974686,12.77189745449961],[-100.89662829415725,14.131374011075279],[-101.72421661855053,16.00657674177119],[-103.87518713624564,16.822012801668283],[-112.30828851119006,15.657937555555433],[-111.14220270257208,14.184039796986792],[-108.12520892832266,13.972450336956296],[-108.59613590798338,12.113181598577539],[-114.079509334814,10.079359299578282],[-119.65790607027304,9.141385104525636],[-127.03415144988662,9.602702642657485],[-129.19468051882401,7.648774977050376],[-130.0530627869415,5.523595825845142],[-131.7849233964716,3.7749252544089664],[-131.5200931365138,1.547459423915063],[-130.55396190565475,0.791386235814656],[-129.40276871082244,1.0272239678724802],[-128.9847913239361,2.4308138477210406],[-129.06239861349965,4.1950292300269965],[-127.47584206075166,6.32932671198367],[-129.3844844424255,10.027040133322368],[-136.48025227785791,22.132600391197986],[-132.2200192177014,27.322753291071038],[-137.4919824575357,26.700712066111258],[-142.84110602523262,31.2350911765703],[-149.4675724267104,36.17888146060183],[-149.94188286599956,38.89256742955908],[-147.89396068394345,41.30327419528123],[-141.74593049955644,44.66433955049976],[-136.31826795404243,44.44248777374279],[-133.7526432304941,43.68962283691895],[-133.7799270805984,45.07048660747654],[-129.95365852826336,48.78790010804396],[-138.97791016479806,50.06542905517047],[-140.27427656818537,50.238786962106786],[-149.7716283050487,49.94328500238227],[-157.78179507997163,43.501488345226875],[-159.54652571160625,27.627560513333997],[-150.11629468019564,10.444477753756633],[-139.9208627965695,6.466804188250017],[-137.06984678466725,8.513535271289243],[-135.55577927530453,7.840856990075599],[-133.63308478938052,3.493711272580388]]},"properties":{"name":"Lightwork","type":"sprint","stroke":"#4dd4ff","stroke-width":2,"stroke-opacity":0.82}},{"type":"Feature","geometry":{"type":"LineString","coordinates":[[-99.80350668337692,64.31507880504219],[-99.80350668337692,64.31507880504219],[-94.77433770662552,62.42437598803917],[-88.95853853652287,63.05159620866397],[-88.84511807518761,63.98268071824328],[-78.78533353213317,64.24303703996114],[-78.57807562073015,63.456544486087495],[-63.412912499910036,63.31769564160427],[-63.68322635677863,63.697554709995345],[-58.25914934256045,65.16201880732297],[-58.97158038863571,65.43654775307022],[-60.265777640956145,65.20257892511417],[-61.540569905602624,66.24418173614949],[-59.935855341933326,66.56575607792634],[-59.97620205619139,66.90906631924447],[-58.14705611869483,66.52629177442914],[-55.63913784957573,65.15060705204246],[-47.231532012358514,68.35366338603183],[-49.148299042333505,71.78665059577509],[-54.41600605585011,72.48778205716337],[-58.845508363269275,71.48153099929861],[-63.05459545836309,71.65998313747335],[-63.9726405164648,73.28252298550547],[-57.74612759965052,74.61363902286409],[-49.845128001246174,75.04681841133409],[-47.750601441997134,74.41638638754846],[-45.16286204287331,74.36339254619195],[-43.40246960759229,72.43748302540652],[-42.92892408483432,72.56609111842789],[-43.25149575717568,74.5312824555191],[-41.55958055338698,73.5045526506907],[-38.56291426284386,72.28280034945286],[-41.69718632660183,70.13402206372143],[-50.0719112223605,57.944968767091666],[-51.482577157974696,58.40847104007387],[-52.694982416318844,60.79598095897619],[-59.827966842240556,60.43623560351842],[-56.293126308658735,58.86815986144957],[-59.13178898097614,57.95588699747556],[-91.55138645806218,54.11426978658176],[-82.94388487293655,49.24736357740122],[-100.39262277529181,45.249196928288484],[-97.15371951672486,42.31429185378907],[-92.34058575875186,35.22132055955731],[-90.03678432823978,30.44498869798202],[-89.18200985316875,28.475279318723953],[-92.77658638178565,26.842244708521612],[-94.77151867115614,26.600401654022388],[-94.86120537919996,24.105563178196427],[-99.29981192369748,23.610705172594187],[-104.95170160511131,26.597286225841863],[-104.28863182495002,29.892765749237277],[-115.0303294102219,31.262459378062758],[-126.01737000593424,27.376070997315715],[-130.21651963930364,30.1521997579542],[-131.42581268832416,13.69882686191066],[-125.64175879248413,16.64248204956094],[-125.8893543148189,14.743536433168071],[-127.23946582298407,9.50358913097551],[-129.0582273270083,5.887039543935591],[-128.56418439448157,5.009657404771237],[-131.0468398438432,1.15824881990555],[-129.59395358814223,0.8152278250770362],[-126.3956064163944,2.5854331612790773],[-124.99706376334032,0.7109817399846481],[-127.69612723641326,-1.6519226077786033],[-126.27368651498031,-3.4745959586062884],[-129.1021002675289,-6.999962328582438]]},"properties":{"name":"Marina Bay","type":"sprint","stroke":"#4dd4ff","stroke-width":2,"stroke-opacity":0.82}},{"type":"Feature","geometry":{"type":"LineString","coordinates":[[-104.80087771141942,-35.44309169945453],[-104.80087771141942,-35.44309169945453],[-102.71008305622858,-37.30645411666045],[-99.19008634556529,-37.48432073040122],[-93.9673293681636,-35.01836628193985],[-92.4598561251433,-33.9220436883926],[-92.05363476620137,-35.85023351169119],[-88.42044395096958,-35.68825100659599],[-83.13067653455404,-40.11922428011347],[-82.10035580319396,-34.26768734121862],[-82.68561310006163,-27.901108175314448],[-89.2161258009569,-29.426603578757295],[-95.51753335029052,-27.573678564885235],[-100.46127219844708,-27.827411982232874],[-100.07561451841046,-25.759710730986747],[-97.78787691316055,-29.204676946979752],[-105.09768247852922,-29.5884190786901],[-107.3401906907211,-29.386556648137606],[-110.81225781187821,-32.83120916546898],[-112.42502230507921,-32.956486560312555],[-117.95025975155386,-28.2378611498467],[-116.15376254085868,-23.583624538386587],[-110.08069640256801,-15.820068212353638],[-107.91050419096307,-8.773197207916498],[-107.85863343619413,-2.4946123879506548],[-108.93078993705491,-1.021425103436533],[-109.98961005685555,-2.141714371708611],[-110.03073427421533,-7.813120140260217],[-114.86232760087192,-11.442330401109354],[-121.0685817494844,-13.164440848454118],[-122.63164128990198,-7.312517940647563],[-125.50376429056438,-3.204379676970662],[-133.4807142025359,3.425735355479471],[-135.43981001052111,7.6750550133330275],[-139.954378019759,6.859908136090959],[-138.9163860814128,4.454654946715893],[-136.087551800762,2.119754579743642],[-117.57033522918047,0.06042294832019124],[-104.7478575317725,1.5730012168847374],[-99.34035364019135,1.5945947108574394],[-95.48485119200905,1.202963477497649],[-91.3173865469156,1.8680965727091596],[-87.17150465455119,6.653262895167966],[-86.8512582394773,9.550532750271135],[-83.62164873603639,11.723602388054061],[-84.03208176965182,12.614564743995889],[-90.29585329597606,14.214565391276572],[-91.49658356821493,10.981403053037644],[-92.81218448830425,10.799553214010185],[-94.88525877019661,11.155107139119673],[-97.53908378686876,4.502175120016393],[-99.04727056919508,-0.22400431089265282],[-98.82927600461217,-2.6189614604425593],[-95.13337356730229,-3.954585879225661],[-89.81268901630375,-5.193801241121555],[-80.15442511814976,-4.9860731864766485],[-73.59892392009242,-4.68005249842923],[-72.94515613064105,-3.2290507848207426],[-71.39356808209536,-0.9070157394897507],[-72.18385452430705,1.2167777939465942],[-75.37038384267213,1.7959904469998094],[-79.42157964466304,0.5251438137766247],[-76.30678947327152,3.6420984813651973],[-77.3472127516905,5.9672843977977745],[-80.7265925898089,8.450938873970392],[-80.00357928591791,10.055465267638542],[-82.63933274753919,11.915527177962694],[-82.70183314207668,13.093644017267417],[-77.26721810219618,20.572080459346523],[-76.9872446416116,21.511450681963908],[-79.11230820559663,21.811802279006475],[-85.65536746345175,18.61297868858234],[-91.73257387009907,23.73006236586404],[-91.7500815955301,33.00363407359728],[-93.67878436966375,41.19599842040597],[-83.06392816481545,41.94242873493844],[-76.67350816408617,38.80427897334551],[-74.29757304498142,32.996501412060375],[-75.4963208714215,26.957786646343727],[-78.67006501953416,25.530497397237554],[-85.41238835296761,26.794796632727504],[-89.34009055382809,29.605297546324078],[-92.01461278196584,30.240891874890906],[-102.22009002292614,31.5678828231997],[-105.36644105963411,29.02550518750193],[-108.97981460041,30.201625578669905],[-118.97231592438867,33.26350184436088],[-121.11774160655958,29.330101444992184],[-125.6429257355809,26.583381812793387],[-130.16698670969026,30.25636753377075],[-133.55888316332664,26.103828640414378],[-135.5054754572657,15.937321572459647],[-133.41167796632934,13.344370236145902],[-137.67464980618666,15.429479567956914],[-140.14991291949082,21.219768049780477],[-142.5581361689907,22.37538060276671],[-143.08027040479595,20.7321322395285]]},"properties":{"name":"Midnight Rivals","type":"sprint","stroke":"#4dd4ff","stroke-width":2,"stroke-opacity":0.82}},{"type":"Feature","geometry":{"type":"LineString","coordinates":[[-101.68586252796555,-37.440629155816524],[-101.68586252796555,-37.440629155816524],[-95.49350892605482,-37.26525558540827],[-93.9988994794176,-35.90995939605484],[-92.96167950654561,-33.6940458208609],[-92.00811246130792,-35.86677868193862],[-90.53077729763346,-35.30557232325441],[-90.05979806476306,-31.02037946900748],[-89.97968461333589,-29.773519411702054],[-91.80372184280063,-28.787977434763626],[-97.67255899116772,-27.678946765888377],[-103.08262746485688,-28.825816981250746],[-104.08798716333112,-28.31261470800581],[-106.52398959535418,-26.326475714052712],[-111.69715708877794,-29.312087428348633],[-113.47684428870684,-30.920086373487948],[-118.36558925075634,-36.771061306953925],[-117.76012778984315,-38.84118027275472],[-115.44041898262346,-38.507281487540034],[-113.55036683658628,-36.34208023974744],[-112.04085642556865,-34.17099479124029],[-107.7108492590858,-29.92821579100184],[-107.35368057759311,-29.17596788383858],[-108.63538456333421,-28.000303536355993],[-111.40511987503831,-25.888117401355416],[-115.31878097835751,-28.607028897182722],[-116.55996808619093,-29.469889302273437],[-118.996534979438,-27.104546531071648],[-112.60563435995222,-19.848324728154722],[-110.11239235034529,-15.283223725721095],[-108.23028888815257,-11.593964840837993],[-108.0054488077656,-8.033672760617888],[-107.18596914490192,-5.625397874747261],[-108.06536157808522,-4.679430616831876],[-111.5844675954544,-4.682222993843276],[-112.11145156680858,-5.744722561398504],[-113.40478546360197,-7.981956692106726],[-114.82954160187386,-6.225507381195619],[-118.47186338501771,-3.4978427495218902],[-122.69171070167485,1.4605018062023216],[-123.7878605747509,1.5223088047326527],[-126.85751764162814,-0.43708435091109266],[-129.26514003797328,-0.20255259007609006],[-131.74372289109613,3.4888835848458086],[-128.82555650613776,7.931880869901194],[-129.0930224385463,9.526337416241999],[-135.27413011503157,15.718965063332877],[-133.29154122086413,26.184009074279018],[-126.63977752745733,39.41168239219326],[-126.3398895725417,45.84948572634474],[-128.255372164137,50.38998662453396],[-130.1080618746809,51.03003586986664],[-130.75447158658943,51.683991466423606],[-130.10535155248385,51.70770024121243],[-122.73447119420223,52.791760036321165],[-114.29120759348417,55.573314948840334],[-102.18052132806078,57.07299392986164],[-93.06798908280356,54.13978397775124],[-91.74378018866156,54.20786589089174],[-91.21828204968382,53.66884375704934],[-83.27735326876603,49.839663977137576],[-82.93101584409597,49.19111596487291],[-84.44841870255036,48.551002126329074],[-93.38535294527844,47.4788603388823],[-100.59355285348,44.550201725418134],[-95.41754519361687,41.603065130807565],[-93.36946753739778,37.751799126516914],[-92.75218267333723,36.30838677233065],[-100.02563808169259,38.91832196740891],[-101.19078549494802,37.86710661389317],[-104.92241763719403,33.54947362979783],[-105.06641405740748,33.84618310993795],[-105.12116596329857,34.383499732845394],[-105.47325776780605,33.97913578850053],[-105.9267141360668,33.781437787218785],[-106.7585258236973,36.46825505910628],[-111.75773580452855,32.955431169417906],[-112.52826910186644,30.04339410694365],[-121.11522165647226,29.29873889616856],[-130.26691269581573,29.945262581639682],[-136.73011300660747,20.85783665925819],[-132.60330238677852,13.081578984607077],[-127.31590452662472,9.121712782194386],[-116.61413384414223,8.629546910114549],[-108.15140422610482,13.199320451394549],[-107.81488694155982,18.439319659518418],[-110.94648087704117,29.30486111395629],[-111.38013604750641,30.289571307727996],[-102.18859574379897,31.48014776354619],[-90.31455477482379,30.528280738730185],[-87.9171578924797,28.472830222204806],[-88.1671351507513,35.619941860884964],[-80.40040768587477,35.234315268407165]]},"properties":{"name":"Midnight Run","type":"sprint","stroke":"#4dd4ff","stroke-width":2,"stroke-opacity":0.82}},{"type":"Feature","geometry":{"type":"LineString","coordinates":[[-54.606035321305505,65.42107364473902],[-54.606035321305505,65.42107364473902],[-50.710137948843325,66.34274312160046],[-47.457317345910454,67.96644769817121],[-48.277131569637355,69.0629969704918],[-48.097934015610264,71.35527419588605],[-47.5622786316496,71.75732644404785],[-42.67620541267237,73.23059915598245],[-41.832830081219036,73.78013920032082],[-44.118551101262184,74.54130371730328],[-47.03105512273617,74.36340580440825],[-49.05603281262511,74.66329720362044],[-49.713870116502676,74.57024299185001],[-53.41304062914416,73.56357749049295],[-54.46776837405748,73.58077050688556],[-57.249488155870225,74.37161407322417],[-56.4675751084165,74.89634868907557],[-50.32058298777634,75.06883409863029],[-49.643473286504744,74.9518899579654],[-45.96114589093233,74.37637400079689],[-42.88365616922533,74.36500553613052],[-40.99347042354977,73.20181736304285],[-39.024231319561814,72.33581265653143],[-37.67961607334741,71.08933930464946],[-40.42557721803079,70.378282502305],[-41.65080241132985,70.07836367987306],[-39.55575469094087,67.97592476069015],[-40.40490457504528,63.68524834634904],[-46.81134476241305,58.694287404209],[-50.40904468590767,58.05180789160754],[-52.25518646134517,58.41834882615839],[-53.423235165783694,58.23778049953235],[-54.31222275698073,58.05995268014365],[-56.087552716537246,58.278536128229625],[-56.45260493757741,58.34715878128184],[-56.21318431194993,58.92460133275583],[-58.81208670762902,59.99190327337465],[-62.7073964846282,62.77423003327379],[-64.25869315282162,63.96912495169803],[-63.9854415090243,64.17625946619027],[-63.22508349837231,64.36144405087448],[-63.22414923964776,64.62973571784552],[-63.628860642895916,64.94038795401039],[-64.08638477868325,65.00528435260472],[-66.55326223548894,64.4000174515927],[-69.48759557367286,63.90611989499809],[-70.98897267753341,64.34502920484726],[-71.5031150012797,64.45645943474554],[-76.32722432716963,64.31765425631068],[-78.52534530692937,64.34710905772135],[-78.79061628609026,64.10328224470351],[-79.03189632310514,63.500189713547265],[-90.41315273121127,62.757747451746496],[-92.96902276335145,59.124083155142884],[-93.26864010186675,57.75799681552825],[-98.1502381443596,56.46046989593371],[-104.50782472419662,57.03434640204241],[-105.96276284685284,56.39137805612903],[-108.91260539921993,54.90381711128616],[-108.82713575540146,52.56535626315687],[-111.6037374844278,51.11005402076135],[-113.14383003853509,49.2432790481401],[-113.80118259503195,46.99608976148595],[-111.24376926909463,45.23488836171497],[-111.42091788979997,44.354405582192186],[-113.04602908153899,43.67117108597547],[-113.51394579635709,43.82852701843654],[-120.4423787262152,48.92262875376839],[-123.84753744227646,48.337285702358216],[-124.26873679087294,49.45740502404168],[-124.09426997941317,51.51438978344895],[-123.15545631741247,52.87647692044278],[-128.00700662318718,55.52204531869799],[-130.9925449296351,58.15188861694907],[-131.61562690510675,60.23888850233477],[-131.61828916624364,60.792362978183064],[-132.46765315020517,61.05686063861741],[-132.99237983234383,60.94996829014002],[-133.7021323863572,60.353434315724215],[-134.96992907597468,60.58864016282371],[-135.3384714325395,60.83904955498424],[-134.56799075782527,61.476526307954785],[-133.94761301436932,61.43951350268586],[-131.511830285533,60.759858254048716],[-131.98703429006736,59.9689513654328],[-131.31949562753718,58.93713091569756],[-124.0866445545775,53.46788032283819],[-123.17388192141514,52.801860212934955],[-124.24403663127056,51.13915766015599],[-124.68717487913155,48.280115060512976],[-126.62578164564486,46.125608624029866],[-129.80240077437674,34.32247428805598],[-129.71143793219062,30.249005016912253],[-128.20730674822346,29.681871453777543],[-122.27477271224541,28.245455584197558],[-115.32634196815216,31.84111496950192],[-111.93674835520409,30.115657276834753],[-111.6246473346109,30.65101730466764],[-111.62903719293419,32.93843301812605],[-111.44800813491119,33.41154433852982],[-108.93168209335559,36.1947057396502],[-105.5535682391628,37.52624081126686],[-101.44190981898629,38.276399828492885],[-100.97579483277427,38.37568381236775],[-99.92137846431073,38.866303959852104],[-92.78035045984986,36.23555057861052],[-90.96606923279822,30.201028406371933],[-91.51265731278353,28.045008528117073],[-91.29360960564259,27.65703435499398],[-89.3390948250738,28.423479461243755],[-87.05469627150987,27.931929402888237],[-83.72511715674469,26.62511741046024],[-80.95634768850175,29.616618335153035],[-78.78746353881485,25.146629466739167],[-76.02219058989787,25.723826388223586],[-74.89005687749166,26.115056850333282],[-75.25527419199834,23.338368083912407],[-76.62638208377196,21.47471799305116],[-76.14121156537217,20.67925205894161],[-74.34686680022004,18.976561371703404],[-74.48473010712055,17.73751072821553],[-77.80252181556412,14.977880036340732]]},"properties":{"name":"Northern Curves","type":"sprint","stroke":"#4dd4ff","stroke-width":2,"stroke-opacity":0.82}},{"type":"Feature","geometry":{"type":"LineString","coordinates":[[-37.193952795144796,63.39985459940783],[-37.193952795144796,63.39985459940783],[-38.93562816657538,70.52421871046973],[-37.63731663841936,71.48240199829013],[-39.58254027766786,72.42557673961932],[-41.84680100781315,73.50927713245048],[-48.31986383953734,71.4352516520016],[-47.409092491113604,68.09713645737918],[-63.828554186026274,63.14229801285427],[-92.88692986058425,61.063424865366024],[-93.16765183617792,57.82517654572477],[-99.31316312882467,56.51710245598654],[-107.47858127051552,56.646862296876066],[-131.15948945342507,51.87455445337049],[-139.06263191802466,50.04985864979713],[-130.0285476211739,48.785961832827624],[-134.7355244659317,46.19593219919871],[-133.03389767120424,43.80698843965865],[-135.14322658211532,42.81390472090763],[-136.92122987364357,43.15676391480761],[-138.04413950752843,45.01260805434611],[-138.28485298089106,46.18409598086153],[-142.63729704841478,44.14386153401964],[-146.36497224603664,42.566491167653474],[-149.95975726819123,39.01721492980774],[-149.50213511654823,37.58032206490247],[-143.24256549156445,30.930375106510713],[-141.6798154529408,31.742625356168155],[-138.0682940912315,29.44648326822763],[-137.25441838131684,25.163814211711482],[-133.0103998836022,27.540060078478497],[-131.8095506372433,27.362247112688607],[-129.6883394015942,30.256703367181096],[-125.53220665887707,26.330003890240537],[-119.66694902118977,32.40129921118694],[-116.83296783041945,33.44380242385326],[-114.9398043564656,30.726525307983795],[-111.54692759912425,30.040128009507402],[-106.65486450386904,26.20266375151659],[-107.08317684391291,22.708476450443385],[-99.02672003528865,19.940789778720447],[-94.71280734194794,18.71725842305016],[-81.91601023268026,14.472616096099417],[-86.91233241024577,9.666018191944518],[-87.07321836971435,5.383885250192767],[-81.82156894662457,1.4158166374687013],[-81.16707675094833,-1.978696705939491],[-78.10400766025448,-4.86263407939472],[-74.10758640445174,-5.223985590743286],[-71.39455096954569,-19.16651007059209],[-74.18342196176772,-21.74309305178666],[-78.11128717739956,-23.014913026502363],[-79.51904800766073,-34.71392439178217],[-85.23065556225684,-35.33397481782443],[-88.23259668011613,-34.02587326216374],[-85.22183343587199,-37.18262550453937],[-83.98839650346983,-42.58035379698961],[-84.8386284633862,-43.38890814027346],[-86.95431114952089,-43.424576601342764]]},"properties":{"name":"Outbreak","type":"sprint","stroke":"#4dd4ff","stroke-width":2,"stroke-opacity":0.82}},{"type":"Feature","geometry":{"type":"LineString","coordinates":[[-94.95589816553232,-44.080200456641094],[-94.95589816553232,-44.080200456641094],[-94.83337713845688,-42.06882668095462],[-93.83519224297169,-40.9114215033381],[-93.01421616710977,-42.711548663026086],[-91.86538483683276,-39.93233202275346],[-91.77735891383882,-38.44481317552432],[-92.08646096518979,-37.68819691072875],[-91.36135405027426,-37.79998366638176],[-91.31979333938708,-41.00865934747574],[-91.48140668617624,-44.235904903906],[-92.41577669927399,-44.34114838298841],[-93.48173964456811,-43.86689297252535],[-93.58144542815732,-47.8030819095535],[-91.09153014840415,-46.21745336023516],[-93.32700502176979,-42.43706109044263],[-91.91207197017853,-38.23935117624821],[-73.71745800901942,-36.64640073145853],[-64.44881344954248,-35.99995597798517],[-63.242924872237836,-32.96232167180562],[-60.84781929745843,-20.47275038028488],[-60.752554418720415,-16.792768794984298],[-57.967637802314364,-6.391728611706025],[-70.43293779272986,-20.13060486313644],[-68.74112397187996,-24.583250359879884],[-72.19102990858102,-27.48193942441563],[-72.80263263210853,-25.726060159750737],[-73.9344111841254,-22.941116375364913],[-75.74003878259377,-22.714357234263176],[-75.20034379510355,-24.390906883467935],[-78.1575163122499,-24.80825424629647],[-78.28749677970961,-22.606198005355168],[-80.94644923524575,-22.748998192799462],[-82.21289872215068,-27.892956982377967],[-87.97686794086417,-27.407261957286643],[-90.30851746569768,-25.870715012166514],[-92.66288567642293,-28.082277132682215],[-102.59495071747767,-29.083155231028286],[-111.89190667879231,-23.731977553162167],[-111.9524471930494,-22.545519569057795],[-110.18868412458968,-22.437992184783525],[-109.7235849709526,-21.854983093875106],[-110.12773879253407,-21.480909019029028],[-112.62484366617583,-21.885909555118396],[-111.1126314617781,-27.019606507317683],[-106.84247225088848,-25.226779958748793],[-105.14101362374763,-23.157358874919993],[-107.3396981837726,-23.12182176599478],[-109.2761017375589,-23.51743926799473],[-110.6350142940091,-20.538420643533442],[-110.19300876264255,-16.7357815341544],[-111.39594987258964,-11.791366188977248],[-114.33165508557525,-11.147209248006407],[-120.34045702627743,-14.96113660746843],[-119.32667986412241,-16.960871066673178],[-120.28376354185907,-17.419901511943145],[-122.02621533462587,-14.59309481923666],[-122.91364194462433,-11.717660318875291],[-121.527092544386,-10.833792336961286],[-122.42441890337497,-9.191001095556407],[-123.43609088993273,-9.524950802339793],[-125.1640537050991,-6.236598994161639],[-123.86657943839424,-4.581464462062318],[-125.406349487678,-2.662077869460651],[-121.70854732344583,0.46228454504708516],[-123.51984974163267,1.879768685714284],[-124.78484647883963,1.2241108876918432],[-126.53205158978628,3.6249794233230617],[-128.5358821378542,5.040425348294432],[-130.2738831747367,2.7668356526520714],[-131.36040352054005,1.6482169785336875],[-131.52745807470922,3.8884401728012126],[-131.06138566038038,5.010336706107774],[-139.98296630958163,7.081977489542635],[-140.7869587828994,5.304956175823153],[-156.50064376445025,20.612464660272845],[-160.4140329553331,28.97143662465938],[-161.37210805186353,30.166532643378904],[-158.45121326263452,36.06438544412839],[-156.86170932527548,40.630805985664836],[-151.12325642381853,49.820783094240795],[-136.1167392140806,49.94634304627457],[-130.02273634436125,48.80804004877726],[-133.31934681324594,44.63147056816779],[-136.21047944109966,44.461920897350204],[-137.90565837467193,46.03351858158217],[-144.11627304270775,44.822284021355365],[-146.3621633248701,42.548593845284955],[-150.294897134725,38.866328713543325],[-155.5842142416842,36.16668994457352],[-158.10467686784162,33.77162832611752]]},"properties":{"name":"Overtuned","type":"sprint","stroke":"#4dd4ff","stroke-width":2,"stroke-opacity":0.82}},{"type":"Feature","geometry":{"type":"LineString","coordinates":[[-43.46375380638213,40.18076943637027],[-43.46375380638213,40.18076943637027],[-43.4761618085653,36.996338058111604],[-41.93495339177576,37.43421677066918],[-40.81587513890004,41.55303237901632],[-43.47095923079238,41.54223352977705],[-43.639314850950356,40.93022106532301],[-46.38198057008764,41.03777491271854],[-48.4827328593452,56.9075788660554],[-51.440182922003984,58.52167445313617],[-52.76106635731055,60.79069629114928],[-57.93211087464346,61.119951350281916],[-60.13077689234423,60.6934053647073],[-64.22682818430563,64.12106767630898],[-61.67056994378284,64.86390940489055],[-62.969174763414166,65.87964640132995],[-61.64931215460434,66.127759169272],[-59.91710861486203,65.18086966093765],[-57.22299556369636,65.9361901746198],[-59.97093361778246,66.92902138056559],[-72.92441325421024,64.30229804134495],[-78.7765649165667,63.957893786659824],[-84.31041977195343,63.33055075894198],[-92.06527851882868,62.25001924255247],[-93.14197879099898,62.03626524160297],[-92.72976895387839,57.92938649856088],[-91.75570598546685,54.24142554244867],[-105.74733042601035,56.494709230998744],[-106.73455178750524,56.38653880486545],[-114.04627062657607,55.627784502527405],[-122.83330613297215,53.073030567136605],[-131.53355891819186,59.60373573189601],[-135.3137332400571,60.82775474092714],[-134.6017195787065,61.63583763111669],[-136.35815749233933,62.07574344351198],[-138.35771814181663,61.55400211048824],[-146.93199236720318,64.24101246234024],[-152.1217835426339,49.49121287606558],[-158.92734775421923,35.936193928078296],[-161.26797556352,31.868631989791695],[-159.8934754452933,28.39902793142803],[-140.23842298360296,5.433488902861421],[-139.9110964337843,6.3193476712099255],[-135.01613248874966,7.824110360783981],[-131.74934927969338,4.191631423882119],[-130.9208321378451,1.8265808211725751],[-128.6347518667837,5.60329346688963],[-129.13383086919953,7.107342915791766],[-127.77235958974315,7.582357074398592],[-126.70022549570794,7.175872084303361],[-125.31012454062196,8.22747323563797],[-121.47035111837928,3.4118659257642747],[-117.18542345264594,4.703056709383525],[-114.70207602711692,-0.2491976600805348],[-118.19259744925648,-3.870108933320953],[-116.292089039658,-4.520175796649891],[-114.27942305305376,-5.195066766268479],[-113.41543940869758,-8.876611250870747],[-110.23937450638577,-15.70687886174794],[-110.78532467904508,-17.112444977168508],[-118.36271180891374,-27.98938753479873],[-116.26674199916256,-29.523022548866216],[-111.68673967974235,-25.949198649488032],[-109.27215155590585,-27.771071859183508],[-109.30827580574751,-28.69083772537485],[-110.56810011450632,-30.010826205853128],[-109.60224380547761,-31.665958412649346],[-112.03853587191094,-34.03453299769594],[-113.51687722578218,-35.08545709816721],[-115.01776347239925,-34.39253584137515],[-116.47985249158799,-36.36532982413338],[-115.2889907241669,-36.72176659588325],[-114.23786869194919,-34.49994734259296],[-117.40386185930534,-35.41726593181297],[-116.1606665685643,-39.11039068447256],[-113.36954997015651,-34.972127327038294],[-111.08036441401761,-29.31188414910109],[-108.52898103914839,-28.396079428680423],[-103.23642604048729,-28.74746428455782],[-104.19215734226586,-28.269233500318066],[-106.35145235516245,-26.182019891399733],[-104.97027978714114,-23.477667105591003],[-102.62022692410517,-13.651106565953372],[-103.3132243648209,-10.66850055929128],[-107.89774895278522,-9.039171581247514],[-106.81485168702247,-4.803720282278952],[-97.51487747328517,-6.256590687754951],[-95.81155913375156,-3.7005170947038053],[-93.38772627644259,-3.5328722912738755],[-90.11921003636263,4.159992774403463],[-93.20411208815376,5.755792335782106],[-91.97791056274986,7.272001455798673],[-87.51603570099982,6.121178205177744],[-86.97185934802373,9.296919190757661],[-84.25428994464568,10.141947821685461],[-76.0903503329155,3.956172801240708],[-78.5411765193997,0.3805841886143764],[-76.72121544561212,1.1812815639843635],[-77.67133230332709,-1.376623673107936],[-73.24046427116761,-2.8040928119426294],[-75.08580156732735,7.398099487119173],[-86.73164763866964,14.036387130357259],[-84.05467257364609,18.804764445532285],[-90.59475141101396,21.44615217037665],[-91.73972578773112,23.657245463426506],[-90.31625273084506,30.513192767669757],[-80.81762330355602,29.78260085786658],[-75.22542895093076,26.13256673261857],[-76.94344074397436,21.450168655149575],[-79.21208920866175,22.082876205391283],[-82.65559886331256,23.73810057293665]]},"properties":{"name":"Power Lines","type":"sprint","stroke":"#4dd4ff","stroke-width":2,"stroke-opacity":0.82}},{"type":"Feature","geometry":{"type":"LineString","coordinates":[[-80.26815465481691,36.24476011484229],[-80.26815465481691,36.24476011484229],[-86.69770187963812,36.029781625070896],[-86.9355711921092,32.10387221327928],[-87.98492701786881,28.261719626888883],[-80.84230264805335,29.784189956537176],[-78.75300262863581,25.705624761281786],[-75.58610561318818,26.64351895857817],[-76.56722939917152,38.82374953838105],[-94.4231723501146,40.92953995141235],[-91.15451393130179,30.595435241502205],[-91.98433415934404,30.26792442776946],[-103.5225889082769,30.857720626515754],[-111.57976315863152,30.461804497019816],[-111.6837519809684,33.19841401894309],[-105.73549447246731,37.40348446051615],[-101.07727677548111,38.24735143325579],[-100.32013066126456,38.82085564472698],[-92.43901625129375,36.329338259836284],[-96.47443536904053,42.04006388130573],[-100.67122902119036,44.329391971046135],[-107.99445244488629,45.276445575645546],[-112.94951565497487,41.239492999745075],[-115.07166106151234,41.77798433790835],[-110.92799238218277,44.75484274135446],[-112.45003953091147,48.71693939773712],[-108.72185597125102,52.55286536954743],[-106.37932913746181,56.13491230786241],[-105.55443282592066,56.83959829514336],[-114.29536654322482,55.6027257743108],[-124.1955672005785,51.562441737245436],[-124.95279165019865,48.15391756843431],[-127.94634575133641,48.38160402109641],[-130.92200029690443,51.86350513949172],[-139.1108446929832,50.10587461653913],[-132.81520914021493,50.10072724155373],[-133.51285148915395,44.81884676416212],[-136.21316225385561,44.43401043668147],[-137.73351163474092,45.8368505627746],[-144.23632423520985,44.921772391468174],[-146.31266190556423,42.63045561075892],[-150.07836123309,38.72221789748823],[-137.55513611464835,26.70745501203276],[-132.9831078931216,27.549632326029826],[-131.83053023120468,27.352293574973373],[-129.86342504144238,30.298103166832277],[-126.04289859290931,27.15661542168617],[-115.16102861015673,31.316390439148606],[-111.60357001430958,30.096116653743344],[-108.41451436423411,27.705143466581458],[-107.16938955834601,22.792889052190034],[-104.0223611150225,21.169242701238776],[-99.85733037980921,21.91134651709401],[-92.9161016479864,24.59317560904972],[-91.3814830491021,26.047378752131312],[-91.63739401287174,23.507297884113022],[-87.761031851274,19.12744693947926],[-83.94423369017561,18.523776828134487],[-85.64007851746264,16.51373010109231],[-80.4485321158547,16.204541072134052],[-76.5783206797758,21.37957129544339],[-71.35513071400382,34.10942569818451],[-91.7676377659611,54.72528164259803],[-78.70101112824281,63.5447965465138],[-78.58630466142891,64.30782985224586],[-71.16174088838464,64.42005507234539],[-70.44238966126181,63.72141915186875],[-67.88425064552138,64.21076366465363],[-68.41549003935795,64.89838352152628],[-66.33066356670594,65.30489296909495],[-62.8803726484544,62.83199037790581],[-59.75945242703967,60.57300456013088],[-52.513806286090656,60.68697458514495],[-51.530308336406904,58.27429722770692],[-41.15014195348812,62.25726492800021],[-40.829418015970866,70.29553567141075],[-37.93889196889272,72.05793928897415],[-41.699317536064314,73.5465969040539],[-45.81709713463475,72.33268082023784],[-48.40487756029708,71.55449931736253],[-53.5892913813048,72.49722713023814],[-53.72184658237608,73.4268042939732],[-49.266958616838984,74.6575502298379],[-44.239343680071975,74.50204825707003],[-41.22989837133592,73.65770968013607],[-29.816382604862767,73.4855833064524]]},"properties":{"name":"Redline Touge","type":"sprint","stroke":"#4dd4ff","stroke-width":2,"stroke-opacity":0.82}},{"type":"Feature","geometry":{"type":"LineString","coordinates":[[-43.48232192187729,62.64551968314994],[-43.48232192187729,62.64551968314994],[-41.44469425815638,62.15768718428757],[-38.669675784719026,65.5054575990745],[-41.50822873996144,70.26633833319669],[-44.474238774995555,69.72398007364222],[-47.25786734363478,68.36128186293386],[-47.62613933384005,70.22089103994453],[-48.13809179089011,71.57745079307875],[-41.47699934456252,73.67754752516612],[-45.12419087094377,74.31902486784936],[-41.39856406190468,70.24649272916523],[-37.56875539463699,71.25386690653117],[-41.94582100782393,73.48688313031118],[-49.22481159321218,71.809101479608],[-55.41696658139577,72.25903931081866],[-63.26297795041319,71.74931247048286],[-62.09912007128608,73.86555273768158],[-57.4499051176805,74.68103216487721],[-49.80894338434919,75.0416066238951],[-49.540355879750756,74.63455170199431],[-53.71761911521148,73.32299549752955],[-53.25282769152057,72.39238558479643],[-48.05037969012669,71.24048110937646],[-47.24824189677948,68.22942345144605],[-49.765068980336814,66.65724182954328],[-56.894498800656336,64.89607091238251],[-66.35863231943375,63.026720126817395],[-71.40195062982883,63.560719513506825],[-67.91889296798247,64.25449330340467],[-68.83878439704161,64.87759162374304],[-78.79921699786966,64.1716394154417],[-78.43811537423353,63.457280000095245],[-71.04532314930627,63.395033026517545],[-63.25009840719406,63.10443212005404],[-56.33124192525953,58.91818020732327],[-56.29564800599558,58.202405575545384],[-53.74550796946253,58.577274369001735],[-59.697232757483185,60.59284729472773],[-55.8999512212326,61.17796622150626],[-52.49761988875247,60.6477937289132],[-51.339002477976855,58.2237331828466],[-48.32551020982253,56.72675075088015],[-45.4257393015014,53.32528096399752],[-46.54001114891336,46.8518847683417],[-46.2494525016888,40.85708027702187],[-43.05930127725289,40.860300944744594],[-40.78619732491239,41.06496834435045],[-41.137849285477905,41.793731011855364],[-43.500767257493756,41.579254345829604],[-43.94115285216697,40.959346534196634],[-46.46077542683162,40.55056640361648],[-49.44637386327617,34.051926813724734],[-48.06789472383259,28.667170052362906],[-46.58734613090344,20.15617812542224],[-49.473380694413954,7.390879620747699],[-46.5382889534199,-0.09797310746564136],[-51.59919313900335,-2.021050126551609],[-58.354417714946635,-6.668161774018454],[-63.59048332151445,-14.189663304242638],[-70.5699303512321,-19.55540854138453],[-72.11762347584731,-13.67619870313599],[-74.55163956336703,-4.648721704228727],[-79.0652458625209,-4.249106780103396],[-81.58366837864973,-1.3085373141741208],[-84.6660817886313,4.521926550681865],[-88.57965531053527,4.753038459304875],[-91.60514317095276,1.7847024545320984],[-92.89642577237649,-0.142327678572709],[-95.45219634457628,0.4246637812518337],[-96.98805169947146,-3.024859667416292],[-103.93406018402352,-1.0454672462990473],[-108.21359312850736,-1.4671555211628693],[-107.35447620534606,-5.065606827757261],[-107.20097353753165,-11.555561471135492],[-107.42440943296334,-16.01954189821147],[-101.29280876105098,-16.27729959382257],[-91.95978395276495,-17.633288090255178],[-92.94288625629365,-19.007258702295466],[-97.68097242043929,-21.532346733472046],[-100.15518972374359,-21.80155305815981],[-99.53910345663223,-18.641600795307127],[-98.18477724675475,-19.98226774210523],[-99.21374378203875,-22.815926145780722],[-95.73242843097046,-25.004894112818604],[-94.91599058255908,-24.621492031059688],[-93.24535635300161,-25.743670904359305],[-92.35495186373323,-28.400697951949454]]},"properties":{"name":"Sands of Time","type":"sprint","stroke":"#4dd4ff","stroke-width":2,"stroke-opacity":0.82}},{"type":"Feature","geometry":{"type":"LineString","coordinates":[[-79.10293234228723,-34.79105884518693],[-79.10293234228723,-34.79105884518693],[-82.97297421658698,-35.001105821443694],[-90.18248235881438,-35.44383843076028],[-88.7801721471958,-29.441378209578737],[-83.9437523534915,-28.042035399307395],[-72.8138903310839,-27.982555507643006],[-72.24916882178478,-27.323203386405673],[-72.8076291612601,-25.72224542266349],[-75.16097244823429,-22.036266343885224],[-79.34609708882982,-22.433556838942422],[-86.19729397210001,-21.48219325807272],[-87.44524875272032,-20.1654972207401],[-85.92029411984845,-18.73892250640106],[-85.73338862549912,-24.250995087455905],[-90.00052659092339,-25.448410833128897],[-97.14931706155176,-21.327043171237477],[-105.57355786997331,-24.024776846165643],[-107.03687717842548,-24.756511689056566],[-109.01499984381093,-25.19248180362265],[-102.74838180487282,-29.146978328460165],[-100.28096362516946,-27.23143508699514],[-100.38382659207514,-25.920508046944484],[-97.19407023745241,-28.72481667761859],[-105.63541591687557,-29.61823713222048],[-109.60931532686928,-31.664037522234615],[-112.82893037611538,-35.20738127929007],[-113.36400175319008,-34.9933119124933],[-112.05907247428482,-29.973333652102454],[-106.85652260893366,-25.185326782099082],[-104.91998984561137,-23.604175217794456],[-102.67249901495344,-17.46761933958824],[-104.35937170376216,-16.31985320500366],[-107.50393343834564,-15.427555615423442],[-107.88005859671176,-10.093938598246039],[-107.13543955949143,-4.0773773223533745],[-107.78823265214234,-1.149260501064198],[-102.96249356353833,-1.1730152575854813],[-101.39683889890968,3.5149695464078405],[-102.64135900868371,9.149791896788207],[-103.87335805721456,11.675381509345458],[-114.04720772087856,10.161270688157297],[-122.36159973757363,5.7271095706540205],[-129.4191333102696,1.304052743315637],[-129.0034420112438,-0.4868409865004999],[-126.02419645451656,0.005203515388201296],[-122.24963188581538,0.7719615145530305],[-118.42428344327259,-3.054623819364391],[-112.85518496715068,-1.208358406988335],[-109.74160460053736,-0.8115765799815833],[-110.13216715664299,5.9477360002566595],[-113.61748387986665,12.21476983395404],[-112.67896438428676,13.657505373646295],[-110.10359178878498,14.752181415784396],[-110.96036016650925,16.899159933738677],[-121.83118322116412,16.57700804773608],[-126.4182496783416,13.078532623001838],[-130.53477376411672,13.942397548878862],[-134.58591584085244,15.057807239598484],[-132.71137961844272,26.557296568183617],[-127.88653705666931,37.34583052296442],[-126.80097446879827,46.51790863157091],[-128.49880130503482,50.75196765679008],[-130.76326983846948,51.63851594933843],[-129.70776262704908,51.6097481704764],[-100.99069316362183,56.830401846778074],[-95.51922416382743,56.734587512250954],[-92.90766831584862,59.661827836061775],[-83.62944867226251,63.32865774606479],[-70.1877824751681,63.76037525689693],[-65.41788716012366,64.59717632216311],[-65.61565799446127,65.07960963383366],[-59.842701778499276,66.32484326920353],[-60.76778039484398,65.79557514177527],[-65.16601919854247,64.58713044503487],[-62.90128083773823,62.84086063494351],[-60.68795689213938,61.23533938297089],[-57.61681131299784,61.189840117543596],[-52.499605655840575,60.63363389868586],[-51.06298440927712,58.164630502659435],[-45.49128395747374,50.66218412664709],[-46.40305525997804,40.78141926690771]]},"properties":{"name":"Switchback","type":"sprint","stroke":"#4dd4ff","stroke-width":2,"stroke-opacity":0.82}},{"type":"Feature","geometry":{"type":"LineString","coordinates":[[-119.06391625631338,-21.77145468877255],[-119.06391625631338,-21.77145468877255],[-117.38960901942374,-19.93381088651862],[-118.9607678642119,-17.12322892846199],[-114.69723307691345,-11.595205217719988],[-112.10145313818467,-11.277429882563412],[-111.06692381978718,-19.077000803483074],[-112.47530194772298,-23.07538696985118],[-112.08206779026798,-24.51910840197455],[-111.13698192114582,-26.942717199389428],[-105.5559582271824,-24.281284203829678],[-102.16031198395261,-24.11602584338246],[-100.41286943450655,-26.015345586299546],[-100.51439737060768,-28.21605859438158],[-96.43161294327906,-27.70356831081918],[-92.28994172981986,-28.038135200424136],[-89.68914256726266,-25.469854777422604],[-87.71251587863522,-23.674069456571033],[-86.86198668361189,-21.64160658101664],[-84.09453430381426,-22.130839774674186],[-76.51993686066932,-22.66569129801929],[-74.18953118207455,-21.90999296900288],[-70.74809073594697,-20.1268912355539],[-71.04417804059769,-19.029687959819874],[-73.45472991035548,-16.478433189188188],[-81.22207333890061,-15.7282685129264],[-80.87080165223693,-12.735758256633032],[-82.13400558549085,-11.847657048778652],[-82.65579554835354,-11.100518359083031],[-81.62544221043795,-10.893798063776083],[-87.76205616580798,-11.606840426479854],[-93.16633992968742,-11.570336107596527],[-103.1111549965524,-11.927914020233883],[-106.0618372159589,-12.912360080279774],[-106.05524055381701,-16.363398190616437],[-102.72803628004824,-15.417630086341104],[-103.90207521335367,-10.654196665257048],[-107.93143592054757,-8.515505089822854],[-109.39273666672634,-7.143374113872291],[-109.88193120119749,-5.935910530608492],[-109.89991990788299,-3.454499975779484],[-110.86315096436718,-1.0104516655055118],[-114.91940296588623,0.6779085522250856],[-117.0263001909568,4.753779837284645],[-119.37978842556737,6.42592619514177],[-119.85072039778103,6.467809212463204],[-119.44082098657778,7.2362191055780505],[-115.83080217675726,9.154926546458814],[-114.52883271704377,9.075972235552141],[-113.39193476255583,5.357011196118242],[-117.64617011734072,2.811555836503775],[-121.97362736254576,0.015929843091598173],[-125.37225278195169,-2.5353139024849067],[-125.18796626107496,-3.6159316420131358],[-125.14617292737341,-4.316623231175402],[-134.17640418052846,0.9143051687420112],[-140.90380439838248,5.195936625335196],[-151.88640231092813,12.281528218614332],[-157.8601726406153,16.353014893751492],[-158.20596896841366,19.10980326444953],[-158.58633229230566,25.96055424393957],[-160.2784762024007,28.93778077792295],[-161.30799587899816,31.49355985259733],[-158.9693411208567,35.85643422559794],[-158.6247511495548,33.656634241742644],[-155.25943211060252,36.02155119380775],[-152.88629395687514,35.72018843486132],[-149.91265197965026,38.659000431255535],[-148.9646473080331,32.05503679295926],[-143.12414295406907,30.99721194744073],[-140.6153508092246,30.915401294080247],[-138.5932908717624,29.558745976518875],[-137.52433468618267,25.5838401929659],[-132.2620321966155,27.30871773429982],[-134.88441314313482,25.228617069230783],[-136.5534881624887,20.155849877854564],[-133.59814518287362,14.713040865948123],[-128.80482076986937,17.268752964315144],[-127.08186188015803,16.19803152258792],[-131.77174751865897,13.665772129838665],[-133.34806805056166,13.380322827210309],[-137.49378333626305,15.113924636459629],[-140.0712555906191,20.63437445437867],[-141.3239914772252,22.802071540335838],[-143.07362273070478,20.731429218252906]]},"properties":{"name":"The Beach","type":"sprint","stroke":"#4dd4ff","stroke-width":2,"stroke-opacity":0.82}},{"type":"Feature","geometry":{"type":"LineString","coordinates":[[-91.87386557967102,-39.748951597553706],[-91.87386557967102,-39.748951597553706],[-93.61965080598917,-44.149518561787175],[-93.33444510185444,-47.76639058816561],[-91.60732818300454,-47.62209518002372],[-91.54083761557727,-44.99597397108708],[-93.36385114087719,-42.46042689544364],[-91.81796915781926,-38.14372140087592],[-73.62713910390181,-36.68098487994477],[-64.12225833873026,-35.77373718816303],[-63.29548387676146,-32.98549087401282],[-62.131662864864275,-25.195810962100452],[-60.74883921728034,-16.84078252946854],[-58.98991992354922,-13.929428288499773],[-57.25866303608968,-7.929998045109967],[-57.61940628556776,-6.318382298112489],[-47.97135199770427,-1.5614678688776458],[-49.215272969706106,3.1219910033801597],[-54.83891100842122,0.5319887959636649],[-76.85923458603168,-11.480539452514842],[-82.6505060813968,-11.087209188581562],[-81.78211464670206,-8.781306396318582],[-81.25374742023963,-10.701183861832233],[-81.38167359356716,-1.9066072106985246],[-76.25230049344057,-4.85281017534173],[-73.67787141474247,-4.58449193034123],[-72.92968330766834,-3.189013334972321],[-72.22038961231232,1.2363905750848296],[-73.83565256231695,1.5539532146413713],[-73.62325980333094,-3.1099394826471123],[-76.60331647572919,-2.7592223705918055],[-79.84300179516391,1.1109781070367877],[-75.60193390734716,4.6832231971409914],[-77.78833530915098,6.544886938375134],[-77.02883858173549,8.212775298321988],[-83.14417070285317,12.450943467743597],[-77.37333738862174,20.316826923809213],[-76.88254572628937,21.40199627321709],[-79.08589459343378,21.798570447184535],[-83.9222156426232,18.7026492354992],[-87.62060029290046,18.67734426883704],[-91.71575636938783,23.765382098824062],[-91.565313253307,27.226287382596837],[-90.67867075968293,30.51438857458911],[-80.83317746921537,29.765598244900726],[-78.7542131872833,25.697942261313543],[-73.98326228396243,29.040306820694894],[-72.621277098995,34.79768681067931],[-76.33671931897365,41.770645900230406],[-94.50237180380508,41.16897929404466],[-100.65187381757596,44.327669558050395],[-107.99693797772159,45.27906564760804],[-111.82422560036339,42.65705617197576],[-112.95497784100316,41.22650661304329],[-115.0937358483047,41.81571000290421],[-112.63782355712155,43.77172607961701],[-110.91890142936323,44.77200717273889],[-113.69141877134655,46.68960123373012],[-111.27277234170926,51.74816717229395],[-108.8416238224156,54.79302087001667],[-102.18228786773645,57.065408756460286],[-97.721151780127,56.43164523054912],[-92.73056183193472,58.20114669407958],[-86.84912038138901,63.154341176158894],[-78.70487877059071,63.54538703647401],[-78.71424905506015,64.06150009143401],[-71.15464414569408,64.41740669162483],[-70.33713967605807,63.74137720389189],[-67.89749477691325,64.21453402087272],[-68.32919956168644,64.91388782180087],[-65.5961992567123,65.60705188260792],[-63.935961889987794,66.15624098873944],[-62.55428888477962,65.4453178487679],[-60.94025353954941,64.3997594829447],[-58.28355501288194,65.14721695375756],[-58.53312284920293,65.50250380421332],[-57.100933455016815,65.78935601018368],[-55.84861143262623,65.11562561633403],[-46.540491739985434,68.64319887507156],[-40.694729999481005,70.31974182281147],[-37.90340689504262,70.74890958984774],[-39.572852518022025,72.4332948983567],[-41.504785517068456,73.67470531349545],[-43.03721719787319,74.51502856054377],[-44.58063764787962,74.56683583382285],[-66.23099953964848,80.18320081415355],[-76.51886559345823,80.37632772598816]]},"properties":{"name":"Unbound","type":"sprint","stroke":"#4dd4ff","stroke-width":2,"stroke-opacity":0.82}},{"type":"Feature","geometry":{"type":"LineString","coordinates":[[-80.17852492158883,35.35762627677908],[-80.17852492158883,35.35762627677908],[-81.60328329359932,36.70238944116952],[-88.58638249093094,35.57215419554774],[-88.27955167357594,32.28107994197978],[-86.58934890632932,31.71788555767669],[-87.5036536077182,30.006104134943666],[-88.24288123941741,28.387728151819985],[-89.02459707276277,28.70250006616845],[-91.32122700226617,30.56300690493511],[-94.33610226453726,29.424308961286332],[-104.2535798979181,29.869853135398817],[-108.91783972148964,30.139753280232842],[-113.30708525956791,29.817043327716146],[-129.8805956227443,30.769691181826392],[-127.05336965710092,47.98830574569018],[-118.7416876706076,48.716846825992505],[-113.52533529858906,43.30661898265588],[-115.1943036559554,41.82731877841223],[-112.52671836212389,40.765046114174204],[-111.57408119929909,33.33104232611196],[-104.41247909162901,37.992533142992734],[-98.37094994188477,38.61149832593737],[-92.39464555331429,35.85040705527392],[-90.24113136090406,30.511208980490537],[-87.27648210699981,28.054358413756184],[-79.6894166561281,30.25702527897863],[-77.42528676814865,28.858089100098578],[-78.28887613731462,24.264369431612103],[-75.06932895719395,27.510214555309602],[-72.74489900524264,31.265574610036726],[-72.82431514869828,34.3872600271236],[-76.58772957644405,38.86451392848402],[-76.93891329103154,42.06888880661417],[-94.14520030764722,41.13925563516062],[-97.06931779092938,42.37372122122452],[-101.0928104862831,44.15604417472892],[-107.37953630599398,45.773072316552216],[-111.77918109313399,42.665553096972964],[-113.070831592623,41.26176625824087],[-115.0649721443805,42.12293900788627],[-111.02701074174534,44.5691609532343],[-110.99806570129726,45.1136376544069],[-113.57658551302015,47.23676288367827],[-112.45467769999965,48.71034485742755],[-113.2251631411353,49.6065626158827],[-111.5247309647252,51.00358885078988],[-111.23631880782781,51.76248167095643],[-108.25622127998918,53.13657423826264],[-104.81513486405247,56.917221728648784],[-97.71536562765064,56.43037206219971],[-92.73260094636723,58.217678967520314],[-92.20617795717465,61.874106598595006],[-87.88286824281246,63.06631450561567],[-72.73807012722034,63.472244961337154],[-63.128598515096954,63.28205768347792],[-53.3342144217834,65.70825480505559],[-42.17407403705003,70.17399594864725],[-39.08776856753514,70.40408038413271],[-36.827863738000396,62.046749625561745],[-30.451972207329305,64.60658953238051]]},"properties":{"name":"Vinewood Touge","type":"sprint","stroke":"#4dd4ff","stroke-width":2,"stroke-opacity":0.82}},{"type":"Feature","geometry":{"type":"LineString","coordinates":[[-111.73055968201821,-33.77674530199553],[-111.73055968201821,-33.77674530199553],[-107.3113730342356,-29.496710601532286],[-103.05102898379387,-29.99338699311562],[-97.10778673399058,-28.52457940748745],[-101.98613458610949,-24.24721705211062],[-104.34689942967064,-23.713073782936668],[-109.00114323103047,-25.001437413448016],[-111.7383702410849,-23.766641251779298],[-111.67983812213426,-19.896059055074247],[-111.06292948313467,-20.221907589675055],[-110.83371502942049,-21.240068647288126],[-109.44719508321046,-23.5226819010012],[-107.3159477412646,-23.22615596483319],[-104.79121814057116,-21.53144218242256],[-102.6731796674761,-17.527548155106743],[-106.95729367434343,-15.917480731620012],[-107.13571253241922,-13.435095601084909],[-107.92057664652273,-8.54311418815619],[-107.31199817076035,-3.3995005558674674],[-107.29075609592354,-1.1454073551623],[-106.07152628970235,-0.784793287313498],[-110.17589521101573,0.49246996163038936],[-112.10337303628512,-0.3011121362418425],[-112.08891408222664,-3.486658033143991],[-113.36518635908516,-4.658734234820322],[-117.77304772640551,-3.932701264725644],[-120.07093311761125,-4.268371219356592],[-122.67879528830525,-7.963901119754352],[-121.06253426867137,-13.400066089976283],[-118.54406898354884,-13.768928901524033],[-113.17034905059775,-10.596855001697671],[-113.42593718037315,-8.657736885739174],[-120.49445457179417,-0.9961204955118816],[-121.92070699926185,0.020675564567348204],[-124.75753118139193,-2.0605526515572308],[-128.78044419938553,-0.48534917080716866],[-128.91843353523845,1.4307162333506227],[-121.9237458013697,5.652986702351195],[-118.65618072547268,7.665859498105386],[-121.72944151670606,10.24945444472691],[-127.04431649657091,9.590748336536924],[-129.5279556992246,10.286436754871312],[-132.0853074610773,13.366885675100706],[-127.40248145408606,15.792547932093864],[-125.52169410531532,16.52078244852384],[-123.34213346421686,16.042908287194457],[-118.74409866660186,17.448856491480186],[-117.98666073027437,18.43392411340062],[-116.72249187988794,18.824626619087088],[-115.76424640407154,18.16846083771805],[-115.51300791194994,17.70049138049568],[-114.56385937898911,19.66927776341668],[-112.56065541841997,17.48582861857168],[-108.94081275076638,16.905921721374202],[-102.68867788965417,16.9378825032722],[-96.24616556557018,17.697923542327384],[-96.04631191794465,18.560389091704323],[-100.66184540964235,20.317031195408784],[-102.77104200224086,19.604647168643368],[-106.59098442057095,18.94033719342326],[-107.4308154990425,19.95064465833545],[-108.19557539597547,20.97936275084077],[-107.57757892795807,24.278733926165803],[-108.31273685916842,27.73061374010807],[-111.502793628359,30.119468068641055],[-118.64422232760145,33.38660663125817],[-122.63778406910905,27.801293801070898],[-126.45027138605865,28.777561150283],[-129.8464730117588,30.388028562268293],[-132.2129309497352,27.3283827828578],[-137.5122050951034,25.76635410115828],[-138.3999439311744,29.57194268328691],[-142.62233015550228,31.473278618572824],[-147.3453624866964,31.479819609397754],[-149.428270080817,36.69117507260305],[-149.90275498139584,39.000490305240646],[-146.4350541663717,42.405312254308946],[-144.24216752824367,44.823415423834746],[-140.4551431541676,45.232228726456725],[-138.00325367618774,45.45643743616702],[-136.61905665211225,43.66368928820454],[-133.32843655084602,43.69177409751937],[-134.00436440225633,45.239391779792946],[-131.07586095976436,47.78802575395985],[-131.6756153607918,49.705960708837665],[-139.0200041840154,50.0977984224608],[-134.10551934833006,51.19944890612644],[-130.83098932563416,51.68001739341065],[-129.6000484223935,50.794495029204086],[-127.74340185262193,48.17564350963529],[-127.27753935040232,47.95578397528624],[-126.89754583612893,46.51425027671732],[-127.43766615242143,37.82791113427924],[-129.62426374014677,33.12582774766449],[-135.82262938368717,24.216962364625743],[-134.30445876262547,14.632935473637293],[-133.36864105653154,13.389791874175412],[-137.4590146025957,15.084049883843127],[-140.07450305174905,20.685341615070392],[-143.07439862364924,20.730896341233162]]},"properties":{"name":"Yokai Blacklist","type":"sprint","stroke":"#4dd4ff","stroke-width":2,"stroke-opacity":0.82}},{"type":"Feature","geometry":{"type":"LineString","coordinates":[[-143.07402556004183,20.731831212141522],[-143.07402556004183,20.731831212141522],[-142.0699577092397,22.687679076459105],[-140.08544039748566,20.356202127651237],[-137.56848873058362,15.08802532776268],[-133.27966651206188,13.255769856885223],[-131.94239480027838,12.60526037763401],[-129.44665796730536,7.145853603098984],[-132.91178959775436,5.787091241148578],[-137.35644699955992,8.753117095048186],[-140.4934957359213,4.997747583566178],[-138.8493641635285,4.513961263918955],[-136.72700540004746,3.9811442982942005],[-131.4765888264052,0.8439110228699622],[-131.78160360145375,3.3448494426422375],[-128.77464516595626,5.499832355901416],[-125.3131225142922,1.737412495589842],[-122.36489294850537,2.62459388434317],[-122.7909804164789,4.516409538233136],[-125.83365243680778,9.23669103615493],[-125.51941585373211,12.3511775405913],[-123.0687273564172,16.0212658338793],[-116.38415751610052,16.78128044486011],[-114.40154429295418,15.833680525449791],[-113.36351433259733,11.133484569578433],[-110.5426666645817,7.876594028265757],[-108.32965304972785,8.904876489616296],[-105.07876777831449,11.278316335671654],[-104.98918352042142,14.144528464562129],[-109.22899457323655,14.508368404940729],[-110.12021015458075,15.580163033145624],[-109.02571052511291,16.911754954197995],[-107.8252773743301,18.076890909263447],[-108.30408557251157,21.346857124329723],[-108.54366002317134,24.75768143585848],[-111.1223189124611,26.124396710632972],[-108.6912011732765,26.151203570602057],[-112.08650325906284,27.46159788794573],[-111.24598518986178,28.393800529528693],[-111.25832903390035,31.941671601898737],[-111.37010381536476,33.48264691772094],[-110.60066889376459,35.60193191606069],[-109.78511936594867,36.41907984599587],[-106.47872615409139,36.396728134461796],[-107.31635612652968,34.41000035283096],[-104.38927017745411,33.3594773455803],[-100.9351762469254,38.42403513041305],[-99.26606756309026,38.86386102414596],[-94.16518877634192,36.90960697808006],[-92.43088938503615,36.43829246822341],[-94.28600425195071,39.76074841999194],[-91.3299932099842,41.37245935490384],[-81.6253165753655,41.820098019231295],[-76.47574333558389,40.53659607064678],[-74.22653683767302,36.99171898462505],[-73.75638856091622,33.71558322733724],[-73.39432701274337,31.465352180295593],[-75.74901931412643,26.52949898746824],[-74.58667691255617,24.369465772179566],[-76.37819415242635,21.69466773208053],[-77.71015032653342,21.81231882136754],[-79.08936234543795,21.75953593599201],[-80.46580652118847,18.89283605574221],[-84.64184137138542,18.95834913300361],[-88.9362313597005,20.2565249389351],[-91.57399944111175,23.532536900640018],[-92.41156161908127,21.445815131430365],[-93.26589232521802,20.194292119380417],[-96.54103415278522,17.237040632637154],[-94.01571503950575,15.917042046891616],[-89.07384222031344,14.159242512979992],[-88.1824460662914,11.580946279031416],[-90.67165572766336,9.997866565800512],[-92.30623269746374,8.820455910898913],[-90.97206853966715,6.888121319322316],[-84.82529602686488,4.347794132834372],[-81.81229491148274,0.7737520706989613],[-80.53592043919463,-2.532209178945042],[-77.96895250558215,-6.375920930749878],[-76.07538004765215,-7.531761804525043],[-74.43779129055142,-7.107374879239924],[-73.44273990773118,-4.031034130729196],[-74.68903433325556,-3.0933430547872334],[-77.58636963919062,-1.3221908577692627],[-76.89589638910454,-0.5253924085430981],[-76.50164452663675,1.5278171445710829],[-74.10792616211671,1.7923980272145723],[-73.08586554710351,6.060364112806497],[-79.15394700323766,9.528286128755566],[-81.05075942619683,11.178917812160341],[-76.81239150865801,16.07967798692232],[-73.99800994242652,18.13874502732724],[-74.35123957295411,19.40319977707847],[-65.71485916024375,30.04168696073389],[-63.375608107958904,35.819272559629596],[-57.216514960277074,39.23847543087861],[-53.62569787794632,34.5875837127708],[-47.85988291191078,35.40538544196584],[-46.35551438321757,40.30361138749589],[-45.88368565074713,49.38606247241835],[-46.65347232762737,55.398291477082424],[-55.47302303260847,58.8904475978774],[-61.82680239689542,62.027241684608754],[-64.64923784167958,64.77283153911014],[-57.86888011717283,66.32564281662025],[-56.19604869020106,65.13184695750935],[-47.62046870993879,67.85009628751476],[-43.20952472557298,70.03412847397281],[-38.447313144939,69.87130946664345],[-35.58578473010557,66.77787793426877],[-37.19638307841343,63.04819625435904]]},"properties":{"name":"Yokai Touge","type":"sprint","stroke":"#4dd4ff","stroke-width":2,"stroke-opacity":0.82}}]}